id;data_inversa;dia_semana;horario;uf;br;km;municipio;causa_acidente;tipo_acidente;classificacao_acidente;fase_dia;sentido_via;condicao_metereologica;tipo_pista;tracado_via;uso_solo;pessoas;veiculos
1243823;2013-01-29;Terça;08:20:00;SP;116;111.6;TAUBATE;Outras;Capotamento;Com Vítimas Feridas;Pleno dia;Crescente;Nublado;Dupla;Reta;Urbano;3;2
1243831;2013-01-26;Sábado;03:55:00;SP;116;145.0;SAO JOSE DOS CAMPOS;Falta de atenção;Colisão com objeto móvel;Com Vítimas Feridas;Plena noite;Decrescente;Nublado;Múltipla;Reta;Urbano;3;3
1243884;2013-01-25;Sexta;20:30:00;SP;116;204.0;ARUJA;Falta de atenção;Colisão lateral;Sem Vítimas;Plena noite;Crescente;Nublado;Dupla;Reta;Urbano;2;2
1243945;2013-01-25;Sexta;15:20:00;SP;116;143.0;SAO JOSE DOS CAMPOS;Falta de atenção;Colisão traseira;Sem Vítimas;Pleno dia;Decrescente;Ceu Claro;Dupla;Reta;Urbano;2;2
1243987;2013-01-25;Sexta;17:20:00;SP;116;112.0;TAUBATE;Falta de atenção;Colisão traseira;Sem Vítimas;Pleno dia;Crescente;Ceu Claro;Dupla;Reta;Urbano;2;2
1244024;2013-01-27;Domingo;07:00:00;SP;116;216.0;GUARULHOS;Falta de atenção;Colisão com objeto fixo;Com Vítimas Feridas;Amanhecer;Crescente;Ceu Claro;Múltipla;Reta;Urbano;1;1
1244056;2013-01-17;Quinta;18:45:00;SP;116;202.0;ARUJA;Outras;Colisão traseira;Sem Vítimas;Pleno dia;Crescente;Ceu Claro;Dupla;Reta;Urbano;2;2
1244064;2013-01-25;Sexta;06:30:00;SP;116;225.0;GUARULHOS;Outras;Colisão lateral;Sem Vítimas;Pleno dia;Crescente;Ceu Claro;Múltipla;Reta;Urbano;2;2
1244077;2013-01-29;Terça;10:10:00;SP;116;225.0;GUARULHOS;Outras;Colisão traseira;Sem Vítimas;Pleno dia;Crescente;Ceu Claro;Múltipla;Reta;Urbano;2;2
1244105;2013-01-28;Segunda;14:20:00;SP;116;157.8;SAO JOSE DOS CAMPOS;Falta de atenção;Colisão lateral;Sem Vítimas;Pleno dia;Crescente;Ceu Claro;Múltipla;Reta;Urbano;3;3
1244129;2013-01-25;Sexta;14:15:00;SP;116;147.0;SAO JOSE DOS CAMPOS;Falta de atenção;Colisão lateral;Com Vítimas Feridas;Pleno dia;Crescente;Chuva;Dupla;Reta;Urbano;4;3
1244141;2013-01-29;Terça;18:00:00;SP;116;153.0;SAO JOSE DOS CAMPOS;Falta de atenção;Colisão traseira;Sem Vítimas;Plena noite;Crescente;Ceu Claro;Dupla;Reta;Urbano;2;2
1244148;2013-01-16;Quarta;22:45:00;SP;116;223.0;GUARULHOS;Falta de atenção;Colisão traseira;Com Vítimas Feridas;Plena noite;Crescente;Chuva;Múltipla;Reta;Urbano;2;2
1244158;2013-01-20;Domingo;19:45:00;SP;116;201.0;ARUJA;Outras;Queda de motocicleta / bicicleta / veículo;Com Vítimas Feridas;Anoitecer;Decrescente;Nublado;Dupla;Curva;Rural;1;1
1244202;2013-01-25;Sexta;09:00:00;SP;116;158.5;JACAREI;Não guardar distância de segurança;Colisão traseira;Sem Vítimas;Pleno dia;Decrescente;Ceu Claro;Dupla;Reta;Urbano;2;2
1244250;2013-01-26;Sábado;08:00:00;SP;116;214.0;GUARULHOS;Falta de atenção;Colisão lateral;Com Vítimas Feridas;Pleno dia;Decrescente;Ceu Claro;Múltipla;Reta;Urbano;2;2
1244292;2013-01-29;Terça;23:45:00;SP;116;156.3;SAO JOSE DOS CAMPOS;Outras;Atropelamento de pessoa;Com Vítimas Feridas;Plena noite;Decrescente;Ceu Claro;Dupla;Reta;Urbano;2;1
1244296;2013-01-28;Segunda;18:50:00;SP;116;182.5;SANTA ISABEL;Outras;Colisão traseira;Com Vítimas Feridas;Pleno dia;Decrescente;Ceu Claro;Simples;Reta;Rural;3;3
1244302;2013-01-22;Terça;17:30:00;SP;116;226.0;GUARULHOS;Não guardar distância de segurança;Colisão traseira;Sem Vítimas;Anoitecer;Decrescente;Ceu Claro;Múltipla;Reta;Urbano;3;3
1244328;2013-01-28;Segunda;08:00:00;SP;116;220.0;GUARULHOS;Falta de atenção;Colisão traseira;Com Vítimas Feridas;Pleno dia;Crescente;Nublado;Múltipla;Reta;Urbano;2;2
1244370;2013-01-30;Quarta;10:40:00;SP;116;197.0;ARUJA;Falta de atenção;Colisão traseira;Com Vítimas Feridas;Pleno dia;Crescente;Nublado;Dupla;Reta;Urbano;3;2
1244419;2013-01-22;Terça;13:30:00;SP;116;224.0;GUARULHOS;Não guardar distância de segurança;Colisão traseira;Sem Vítimas;Pleno dia;Decrescente;Ceu Claro;Simples;Reta;Urbano;2;2
1244424;2013-01-26;Sábado;23:00:00;SP;116;229.0;SAO PAULO;Falta de atenção;Colisão lateral;Sem Vítimas;Plena noite;Decrescente;Chuva;Múltipla;Reta;Urbano;2;2
1244479;2013-01-26;Sábado;22:05:00;SP;116;156.0;SAO JOSE DOS CAMPOS;Outras;Colisão com objeto fixo;Sem Vítimas;Plena noite;Crescente;Nublado;Múltipla;Reta;Rural;2;2
1244498;2013-01-24;Quinta;08:20:00;SP;116;145.0;SAO JOSE DOS CAMPOS;Falta de atenção;Colisão traseira;Sem Vítimas;Pleno dia;Decrescente;Sol;Dupla;Reta;Urbano;2;2
1244518;2013-01-27;Domingo;07:10:00;SP;116;139.0;SAO JOSE DOS CAMPOS;Falta de atenção;Colisão com objeto fixo;Sem Vítimas;Amanhecer;Decrescente;Chuva;Simples;Reta;Rural;1;1
1244528;2013-01-30;Quarta;16:30:00;SP;116;204.0;ARUJA;Outras;Colisão com objeto fixo;Sem Vítimas;Pleno dia;Decrescente;Nublado;Dupla;Reta;Urbano;1;1
1244537;2013-01-28;Segunda;12:30:00;SP;116;211.0;GUARULHOS;Não guardar distância de segurança;Colisão traseira;Sem Vítimas;Pleno dia;Decrescente;Nublado;Múltipla;Reta;Urbano;2;2
1244594;2013-01-30;Quarta;07:08:00;SP;116;219.0;GUARULHOS;Não guardar distância de segurança;Colisão traseira;Sem Vítimas;Pleno dia;Decrescente;Nublado;Múltipla;Reta;Urbano;2;2
1244606;2013-01-24;Quinta;16:20:00;SP;116;147.0;SAO JOSE DOS CAMPOS;Falta de atenção;Colisão traseira;Sem Vítimas;Pleno dia;Decrescente;Sol;Simples;Reta;Urbano;3;3
1244632;2013-01-29;Terça;00:45:00;SP;116;157.0;SAO JOSE DOS CAMPOS;Falta de atenção;Colisão com objeto móvel;Sem Vítimas;Plena noite;Crescente;Nublado;Dupla;Reta;Urbano;1;1
1244633;2013-01-30;Quarta;09:30:00;SP;116;216.0;GUARULHOS;Outras;Colisão com objeto fixo;Sem Vítimas;Pleno dia;Crescente;Ceu Claro;Múltipla;Reta;Urbano;1;1
1244679;2013-01-26;Sábado;14:50:00;SP;116;139.0;SAO JOSE DOS CAMPOS;Outras;Colisão com objeto fixo;Sem Vítimas;Pleno dia;Decrescente;Chuva;Dupla;Reta;Rural;2;2
1244786;2013-01-27;Domingo;22:00:00;SP;116;166.0;JACAREI;Falta de atenção;Colisão lateral;Sem Vítimas;Plena noite;Crescente;Nublado;Múltipla;Reta;Rural;5;2
1244868;2013-01-31;Quinta;06:56:00;SP;116;229.0;GUARULHOS;Dormindo;Colisão lateral;Sem Vítimas;Amanhecer;Crescente;Sol;Múltipla;Reta;Urbano;4;4
1244890;2013-01-31;Quinta;08:00:00;SP;116;102.4;PINDAMONHANGABA;Outras;Saída de Pista;Sem Vítimas;Pleno dia;Decrescente;Ceu Claro;Dupla;Reta;Rural;1;1
1244969;2013-01-31;Quinta;13:30:00;SP;116;152.0;SAO JOSE DOS CAMPOS;Falta de atenção;Colisão lateral;Sem Vítimas;Pleno dia;Decrescente;Ceu Claro;Dupla;Reta;Urbano;2;2
1245045;2013-01-31;Quinta;18:10:00;SP;116;146.4;SAO JOSE DOS CAMPOS;Outras;Colisão com objeto fixo;Sem Vítimas;Pleno dia;Crescente;Ceu Claro;Dupla;Reta;Urbano;1;1
1245057;2013-01-31;Quinta;16:30:00;SP;116;123.0;CACAPAVA;Falta de atenção;Colisão traseira;Sem Vítimas;Pleno dia;Crescente;Ceu Claro;Dupla;Reta;Rural;3;3
1245114;2013-01-31;Quinta;17:45:00;SP;116;204.0;ARUJA;Falta de atenção;Colisão lateral;Sem Vítimas;Pleno dia;Decrescente;Ceu Claro;Dupla;Reta;Rural;2;2
1245152;2013-01-29;Terça;16:00:00;SP;116;158.0;JACAREI;Não guardar distância de segurança;Colisão traseira;Sem Vítimas;Pleno dia;Decrescente;Chuva;Simples;Reta;Urbano;2;2
1245183;2013-01-31;Quinta;19:00:00;SP;116;187.0;SANTA ISABEL;Outras;Colisão com objeto fixo;Sem Vítimas;Anoitecer;Decrescente;Nublado;Dupla;Reta;Rural;1;1
1245381;2013-02-01;Sexta;08:40:00;SP;116;221.0;GUARULHOS;Falta de atenção;Colisão lateral;Sem Vítimas;Pleno dia;Crescente;Ceu Claro;Múltipla;Reta;Urbano;2;2
1245461;2013-01-23;Quarta;07:45:00;SP;116;212.0;GUARULHOS;Falta de atenção;Colisão traseira;Com Vítimas Feridas;Pleno dia;Crescente;Nublado;Múltipla;Reta;Urbano;3;2
1245560;2013-02-01;Sexta;06:45:00;SP;116;210.0;GUARULHOS;Desobediência à sinalização;Colisão lateral;Com Vítimas Feridas;Amanhecer;Crescente;Ceu Claro;Dupla;Reta;Urbano;3;2
1245615;2013-01-31;Quinta;13:20:00;SP;116;159.0;JACAREI;Ingestão de álcool;Colisão traseira;Sem Vítimas;Pleno dia;Decrescente;Ceu Claro;Dupla;Reta;Urbano;2;2
1245631;2013-01-29;Terça;20:10:00;SP;116;161.0;JACAREI;Falta de atenção;Colisão traseira;Sem Vítimas;Plena noite;Crescente;Ceu Claro;Simples;Reta;Rural;2;2
1245765;2013-02-02;Sábado;06:40:00;SP;116;144.0;SAO JOSE DOS CAMPOS;Outras;Colisão com objeto fixo;Sem Vítimas;Amanhecer;Decrescente;Nublado;Dupla;Reta;Urbano;1;1
1245809;2013-01-23;Quarta;23:00:00;SP;116;210.0;GUARULHOS;Falta de atenção;Colisão lateral;Sem Vítimas;Plena noite;Crescente;Ceu Claro;Múltipla;Reta;Urbano;2;2
1245810;2013-01-29;Terça;22:30:00;SP;116;221.0;GUARULHOS;Falta de atenção;Colisão traseira;Sem Vítimas;Plena noite;Decrescente;Ceu Claro;Múltipla;Reta;Urbano;3;3
1245827;2013-01-31;Quinta;13:30:00;SP;116;198.0;ARUJA;Ultrapassagem indevida;Colisão traseira;Com Vítimas Feridas;Pleno dia;Crescente;Ceu Claro;Múltipla;Reta;Urbano;2;2
1246003;2013-02-01;Sexta;17:10:00;SP;116;155.6;SAO JOSE DOS CAMPOS;Falta de atenção;Colisão traseira;Sem Vítimas;Pleno dia;Decrescente;Ceu Claro;Múltipla;Reta;Urbano;2;2
1246269;2013-02-01;Sexta;19:00:00;SP;116;157.0;SAO JOSE DOS CAMPOS;Não guardar distância de segurança;Colisão traseira;Sem Vítimas;Pleno dia;Decrescente;Nublado;Dupla;Reta;Urbano;2;2
1246280;2013-02-01;Sexta;10:30:00;SP;116;219.0;GUARULHOS;Outras;Colisão traseira;Sem Vítimas;Pleno dia;Crescente;Nublado;Simples;Reta;Urbano;3;3
1246305;2013-02-01;Sexta;13:20:00;SP;116;218.0;GUARULHOS;Outras;Colisão traseira;Sem Vítimas;Pleno dia;Decrescente;Chuva;Múltipla;Reta;Urbano;2;2
1246352;2013-02-01;Sexta;08:20:00;SP;116;228.0;SAO PAULO;Não guardar distância de segurança;Colisão lateral;Com Vítimas Feridas;Pleno dia;Crescente;Nublado;Múltipla;Reta;Urbano;2;2
1246416;2013-02-01;Sexta;16:00:00;SP;116;221.0;GUARULHOS;Outras;Colisão traseira;Sem Vítimas;Pleno dia;Crescente;Chuva;Múltipla;Reta;Urbano;3;3
1246419;2013-02-01;Sexta;15:30:00;SP;116;221.0;GUARULHOS;Outras;Colisão traseira;Sem Vítimas;Pleno dia;Decrescente;Nublado;Múltipla;Reta;Urbano;2;2
1246516;2013-02-04;Segunda;14:00:00;SP;116;213.0;GUARULHOS;Não guardar distância de segurança;Colisão traseira;Sem Vítimas;Pleno dia;Crescente;Ceu Claro;Múltipla;Reta;Urbano;3;3
1246536;2013-01-31;Quinta;00:20:00;SP;116;104.0;TAUBATE;Defeito mecânico em veículo;Incêndio;Sem Vítimas;Plena noite;Crescente;Nublado;Dupla;Reta;Rural;1;1
1246604;2013-02-02;Sábado;08:20:00;SP;116;198.0;GUARULHOS;Outras;Tombamento;Sem Vítimas;Amanhecer;Crescente;Sol;Dupla;Reta;Urbano;1;1
1246662;2013-01-31;Quinta;19:00:00;SP;116;225.0;GUARULHOS;Ingestão de álcool;Colisão traseira;Sem Vítimas;Plena noite;Decrescente;Nublado;Múltipla;Reta;Urbano;4;4
1246708;2013-02-03;Domingo;16:20:00;SP;116;106.0;TAUBATE;Outras;Colisão traseira;Sem Vítimas;Pleno dia;Crescente;Sol;Dupla;Reta;Urbano;3;3
1246740;2013-02-04;Segunda;08:30:00;SP;116;207.3;GUARULHOS;Falta de atenção;Colisão traseira;Sem Vítimas;Amanhecer;Crescente;Chuva;Dupla;Reta;Urbano;4;4
1246789;2013-01-31;Quinta;19:00:00;SP;116;180.0;GUARAREMA;Outras;Derramamento de Carga;Sem Vítimas;Pleno dia;Decrescente;Nublado;Simples;Reta;Rural;2;2
1246824;2013-01-28;Segunda;06:00:00;SP;116;222.0;GUARULHOS;Falta de atenção;Colisão traseira;Sem Vítimas;Amanhecer;Crescente;Ceu Claro;Múltipla;Reta;Urbano;6;6
1246888;2013-01-30;Quarta;17:30:00;SP;116;181.0;GUARAREMA;Defeito na via;Colisão com objeto fixo;Sem Vítimas;Pleno dia;Crescente;Nublado;Múltipla;Reta;Rural;1;1
1246896;2013-02-05;Terça;00:20:00;SP;116;220.0;GUARULHOS;Outras;Colisão lateral;Sem Vítimas;Plena noite;Decrescente;Nublado;Múltipla;Reta;Urbano;3;3
1246913;2013-01-31;Quinta;17:15:00;SP;116;220.0;GUARULHOS;Falta de atenção;Colisão lateral;Sem Vítimas;Pleno dia;Decrescente;Ceu Claro;Simples;Reta;Urbano;2;2
1246943;2013-02-02;Sábado;07:00:00;SP;116;158.0;JACAREI;Falta de atenção;Saída de Pista;Sem Vítimas;Amanhecer;Crescente;Nublado;Simples;Curva;Urbano;1;1
1246955;2013-02-02;Sábado;06:30:00;SP;116;118.0;TAUBATE;Outras;Colisão traseira;Sem Vítimas;Pleno dia;Crescente;Ceu Claro;Dupla;Reta;Rural;2;2
1246959;2013-01-31;Quinta;17:50:00;SP;116;187.2;SANTA ISABEL;Outras;Colisão com objeto fixo;Sem Vítimas;Pleno dia;Crescente;Nublado;Dupla;Reta;Rural;1;1
1247045;2013-02-03;Domingo;21:50:00;SP;116;219.0;GUARULHOS;Não guardar distância de segurança;Colisão traseira;Sem Vítimas;Plena noite;Decrescente;Ceu Claro;Dupla;Reta;Urbano;3;3
1247058;2013-02-05;Terça;12:10:00;SP;116;178.9;GUARAREMA;Outras;Colisão com objeto fixo;Sem Vítimas;Pleno dia;Crescente;Nublado;Simples;Reta;Urbano;1;1
1247140;2013-01-20;Domingo;17:30:00;SP;116;114.0;TAUBATE;Falta de atenção;Colisão lateral;Sem Vítimas;Pleno dia;Crescente;Sol;Dupla;Reta;Urbano;2;2
1247167;2013-01-31;Quinta;05:30:00;SP;116;227.0;GUARULHOS;Outras;Atropelamento de pessoa;Com Vítimas Fatais;Amanhecer;Decrescente;Ceu Claro;Múltipla;Reta;Urbano;3;2
1247265;2013-02-03;Domingo;18:30:00;SP;116;213.0;GUARULHOS;Não guardar distância de segurança;Colisão traseira;Sem Vítimas;Pleno dia;Crescente;Nublado;Múltipla;Reta;Urbano;3;3
1247369;2013-02-04;Segunda;07:46:00;SP;116;147.0;SAO JOSE DOS CAMPOS;Falta de atenção;Colisão traseira;Sem Vítimas;Pleno dia;Crescente;Nublado;Dupla;Reta;Urbano;2;2
1247401;2013-02-05;Terça;10:20:00;SP;116;131.0;CACAPAVA;Não guardar distância de segurança;Colisão traseira;Sem Vítimas;Pleno dia;Crescente;Nublado;Dupla;Reta;Urbano;2;2
1247431;2013-02-05;Terça;08:30:00;SP;116;227.9;GUARULHOS;Não guardar distância de segurança;Colisão traseira;Sem Vítimas;Pleno dia;Crescente;Nublado;Múltipla;Reta;Urbano;2;2
1247433;2013-02-02;Sábado;20:07:00;SP;116;190.0;SANTA ISABEL;Não guardar distância de segurança;Colisão traseira;Sem Vítimas;Plena noite;Crescente;Chuva;Simples;Reta;Urbano;2;2
1247552;2013-02-06;Quarta;01:00:00;SP;116;127.0;CACAPAVA;Dormindo;Colisão traseira;Sem Vítimas;Plena noite;Crescente;Ceu Claro;Dupla;Reta;Urbano;2;2
1247631;2013-02-03;Domingo;00:50:00;SP;116;115.2;TAUBATE;Outras;Colisão traseira;Sem Vítimas;Amanhecer;Decrescente;Nublado;Dupla;Curva;Urbano;2;2
1247650;2013-01-27;Domingo;13:15:00;SP;116;137.0;SAO JOSE DOS CAMPOS;Outras;Colisão lateral;Sem Vítimas;Pleno dia;Decrescente;Chuva;Dupla;Reta;Urbano;2;2
1247686;2013-02-02;Sábado;21:40:00;SP;116;143.1;SAO JOSE DOS CAMPOS;Outras;Incêndio;Sem Vítimas;Plena noite;Crescente;Nublado;Dupla;Reta;Urbano;1;1
1247752;2013-02-02;Sábado;23:40:00;SP;116;142.0;SAO JOSE DOS CAMPOS;Outras;Colisão traseira;Sem Vítimas;Plena noite;Crescente;Nublado;Dupla;Reta;Urbano;2;2
1247761;2013-02-06;Quarta;08:48:00;SP;116;182.0;SANTA ISABEL;Outras;Colisão traseira;Sem Vítimas;Pleno dia;Decrescente;Nublado;Múltipla;Reta;Rural;2;2
1247819;2013-02-05;Terça;11:30:00;SP;116;228.0;SAO PAULO;Não guardar distância de segurança;Colisão traseira;Sem Vítimas;Pleno dia;Crescente;Sol;Simples;Reta;Urbano;2;2
1247909;2013-02-03;Domingo;07:10:00;SP;116;220.0;GUARULHOS;Não guardar distância de segurança;Colisão traseira;Com Vítimas Feridas;Amanhecer;Decrescente;Chuva;Múltipla;Reta;Urbano;12;10
1247921;2013-02-06;Quarta;17:10:00;SP;116;223.0;GUARULHOS;Não guardar distância de segurança;Colisão lateral;Sem Vítimas;Pleno dia;Decrescente;Nublado;Múltipla;Reta;Urbano;2;2
1247938;2013-02-02;Sábado;12:03:00;SP;116;225.0;GUARULHOS;Não guardar distância de segurança;Colisão lateral;Sem Vítimas;Pleno dia;Crescente;Ceu Claro;Múltipla;Reta;Urbano;2;2
1247952;2013-02-06;Quarta;17:46:00;SP;116;182.0;SANTA ISABEL;Outras;Colisão com objeto fixo;Com Vítimas Feridas;Pleno dia;Decrescente;Chuva;Múltipla;Reta;Rural;1;1
1247960;2013-02-01;Sexta;08:40:00;SP;116;227.0;SAO PAULO;Outras;Colisão traseira;Com Vítimas Feridas;Pleno dia;Crescente;Ceu Claro;Múltipla;Reta;Urbano;3;3
1247963;2013-01-31;Quinta;07:37:00;SP;116;121.5;CACAPAVA;Outras;Capotamento;Com Vítimas Feridas;Pleno dia;Decrescente;Sol;Dupla;Reta;Urbano;1;1
1248008;2013-02-02;Sábado;04:30:00;SP;116;226.0;GUARULHOS;Falta de atenção;Colisão traseira;Sem Vítimas;Plena noite;Decrescente;Nublado;Múltipla;Reta;Urbano;5;3
1248088;2013-02-04;Segunda;13:50:00;SP;116;197.0;ARUJA;Falta de atenção;Colisão com objeto fixo;Sem Vítimas;Pleno dia;Decrescente;Ceu Claro;Simples;Curva;Urbano;1;1
1248098;2013-02-06;Quarta;18:15:00;SP;116;107.0;TAUBATE;Outras;Colisão traseira;Com Vítimas Fatais;Pleno dia;Decrescente;Nublado;Dupla;Reta;Urbano;2;2
1248126;2013-02-02;Sábado;08:30:00;SP;116;149.0;SAO JOSE DOS CAMPOS;Falta de atenção;Colisão traseira;Sem Vítimas;Pleno dia;Decrescente;Ceu Claro;Múltipla;Reta;Urbano;2;2
1248139;2013-02-04;Segunda;05:30:00;SP;116;215.0;GUARULHOS;Outras;Colisão com objeto fixo;Sem Vítimas;Plena noite;Crescente;Chuva;Múltipla;Reta;Urbano;1;1
1248163;2013-02-07;Quinta;00:10:00;SP;116;216.0;GUARULHOS;Falta de atenção;Capotamento;Com Vítimas Feridas;Plena noite;Crescente;Ceu Claro;Múltipla;Reta;Urbano;1;1
1248174;2013-02-03;Domingo;16:40:00;SP;116;106.4;TAUBATE;Outras;Colisão traseira;Com Vítimas Feridas;Pleno dia;Crescente;Nublado;Dupla;Reta;Urbano;6;5
1248180;2013-02-03;Domingo;14:00:00;SP;116;144.0;SAO JOSE DOS CAMPOS;Dormindo;Colisão traseira;Com Vítimas Feridas;Pleno dia;Crescente;Ceu Claro;Dupla;Reta;Urbano;6;2
1248275;2013-02-02;Sábado;19:00:00;SP;116;168.5;JACAREI;Velocidade incompatível;Saída de Pista;Com Vítimas Feridas;Anoitecer;Decrescente;Chuva;Múltipla;Reta;Rural;2;1
1248390;2013-01-27;Domingo;19:15:00;SP;116;207.0;GUARULHOS;Não guardar distância de segurança;Colisão traseira;Sem Vítimas;Anoitecer;Crescente;Nublado;Dupla;Reta;Urbano;4;4
1248425;2013-01-31;Quinta;05:00:00;SP;116;143.0;SAO JOSE DOS CAMPOS;Outras;Colisão com objeto fixo;Sem Vítimas;Amanhecer;Decrescente;Ceu Claro;Dupla;Reta;Urbano;2;2
1248449;2013-01-22;Terça;17:50:00;SP;116;143.0;SAO JOSE DOS CAMPOS;Falta de atenção;Colisão traseira;Sem Vítimas;Pleno dia;Decrescente;Ceu Claro;Simples;Reta;Rural;3;3
1248526;2013-02-07;Quinta;17:15:00;SP;116;135.8;SAO JOSE DOS CAMPOS;Falta de atenção;Colisão lateral;Sem Vítimas;Pleno dia;Crescente;Chuva;Simples;Reta;Rural;2;2
1248631;2013-02-03;Domingo;13:20:00;SP;116;209.0;GUARULHOS;Não guardar distância de segurança;Colisão traseira;Sem Vítimas;Pleno dia;Crescente;Sol;Dupla;Reta;Urbano;3;3
1248645;2013-02-05;Terça;17:00:00;SP;116;189.3;SANTA ISABEL;Defeito mecânico em veículo;Queda de motocicleta / bicicleta / veículo;Com Vítimas Feridas;Pleno dia;Crescente;Nublado;Dupla;Reta;Rural;2;1
1248801;2013-02-07;Quinta;17:40:00;SP;116;145.0;SAO JOSE DOS CAMPOS;Não guardar distância de segurança;Colisão traseira;Sem Vítimas;Pleno dia;Crescente;Chuva;Múltipla;Reta;Urbano;2;2
1248913;2013-02-08;Sexta;10:50:00;SP;116;197.5;ARUJA;Desobediência à sinalização;Colisão lateral;Sem Vítimas;Pleno dia;Crescente;Nublado;Dupla;Reta;Urbano;2;2
1248960;2013-02-03;Domingo;17:20:00;SP;116;147.0;SAO JOSE DOS CAMPOS;Outras;Colisão traseira;Sem Vítimas;Pleno dia;Decrescente;Ceu Claro;Dupla;Reta;Urbano;6;6
1248979;2013-02-08;Sexta;12:30:00;SP;116;160.0;JACAREI;Outras;Queda de motocicleta / bicicleta / veículo;Com Vítimas Feridas;Pleno dia;Crescente;Sol;Dupla;Reta;Rural;1;1
1249056;2013-02-08;Sexta;15:45:00;SP;116;217.0;GUARULHOS;Outras;Colisão traseira;Sem Vítimas;Pleno dia;Crescente;Ceu Claro;Múltipla;Reta;Urbano;2;2
1249111;2013-01-30;Quarta;09:50:00;SP;116;150.2;SAO JOSE DOS CAMPOS;Defeito na via;Queda de motocicleta / bicicleta / veículo;Com Vítimas Feridas;Pleno dia;Crescente;Sol;Dupla;Reta;Urbano;1;1
1249182;2013-02-04;Segunda;13:00:00;SP;116;182.0;SANTA ISABEL;Outras;Colisão com objeto fixo;Sem Vítimas;Pleno dia;Decrescente;Nublado;Simples;Reta;Rural;2;2
1249197;2013-02-07;Quinta;03:30:00;SP;116;147.0;SAO JOSE DOS CAMPOS;Outras;Colisão traseira;Sem Vítimas;Plena noite;Crescente;Nublado;Dupla;Reta;Urbano;3;3
1249199;2013-02-07;Quinta;06:30:00;SP;116;215.0;GUARULHOS;Falta de atenção;Colisão traseira;Sem Vítimas;Amanhecer;Crescente;Nublado;Múltipla;Reta;Urbano;5;5
1249215;2013-02-08;Sexta;17:30:00;SP;116;215.0;GUARULHOS;Não guardar distância de segurança;Colisão traseira;Sem Vítimas;Pleno dia;Decrescente;Chuva;Múltipla;Reta;Urbano;3;3
1249217;2013-02-08;Sexta;06:10:00;SP;116;227.5;GUARULHOS;Falta de atenção;Colisão traseira;Com Vítimas Feridas;Amanhecer;Decrescente;Ceu Claro;Múltipla;Reta;Urbano;2;2
1249321;2013-02-08;Sexta;15:00:00;SP;116;139.8;SAO JOSE DOS CAMPOS;Outras;Colisão com objeto fixo;Sem Vítimas;Pleno dia;Crescente;Nublado;Dupla;Reta;Urbano;1;1
1249407;2013-02-08;Sexta;19:50:00;SP;116;144.0;SAO JOSE DOS CAMPOS;Falta de atenção;Colisão traseira;Sem Vítimas;Plena noite;Decrescente;Nublado;Dupla;Reta;Urbano;2;2
1249560;2013-02-05;Terça;17:15:00;SP;116;172.0;JACAREI;Falta de atenção;Capotamento;Sem Vítimas;Pleno dia;Decrescente;Ceu Claro;Simples;Reta;Rural;1;1
1249593;2013-02-06;Quarta;07:00:00;SP;116;187.2;SANTA ISABEL;Dormindo;Saída de Pista;Sem Vítimas;Pleno dia;Decrescente;Ceu Claro;Simples;Reta;Rural;1;1
1249636;2013-02-08;Sexta;06:40:00;SP;116;221.0;GUARULHOS;Não guardar distância de segurança;Queda de motocicleta / bicicleta / veículo;Com Vítimas Feridas;Amanhecer;Crescente;Sol;Múltipla;Reta;Urbano;2;1
1249715;2013-02-06;Quarta;10:00:00;SP;116;224.0;GUARULHOS;Ultrapassagem indevida;Colisão traseira;Com Vítimas Feridas;Pleno dia;Crescente;Sol;Múltipla;Reta;Urbano;2;2
1249727;2013-02-09;Sábado;10:00:00;SP;116;129.8;CACAPAVA;Não guardar distância de segurança;Colisão traseira;Sem Vítimas;Pleno dia;Decrescente;Ceu Claro;Dupla;Reta;Urbano;4;4
1249793;2013-02-09;Sábado;13:50:00;SP;116;138.4;SAO JOSE DOS CAMPOS;Não guardar distância de segurança;Colisão traseira;Sem Vítimas;Pleno dia;Decrescente;Ceu Claro;Dupla;Reta;Urbano;2;2
1249800;2013-02-09;Sábado;12:25:00;SP;116;120.7;CACAPAVA;Não guardar distância de segurança;Colisão traseira;Sem Vítimas;Pleno dia;Decrescente;Sol;Dupla;Reta;Urbano;3;3
1249809;2013-02-09;Sábado;07:30:00;SP;116;211.3;GUARULHOS;Falta de atenção;Colisão traseira;Sem Vítimas;Pleno dia;Crescente;Nublado;Múltipla;Reta;Urbano;4;4
1249810;2013-02-07;Quinta;07:25:00;SP;116;213.0;GUARULHOS;Não guardar distância de segurança;Colisão lateral;Sem Vítimas;Pleno dia;Crescente;Nublado;Múltipla;Reta;Urbano;2;2
1249857;2013-02-09;Sábado;12:30:00;SP;116;115.5;TAUBATE;Não guardar distância de segurança;Colisão traseira;Sem Vítimas;Pleno dia;Decrescente;Sol;Dupla;Reta;Urbano;2;2