id;data_inversa;dia_semana;horario;uf;br;km;municipio;causa_acidente;tipo_acidente;classificacao_acidente;fase_dia;sentido_via;condicao_metereologica;tipo_pista;tracado_via;uso_solo;pessoas;veiculos
1255710;2013-02-19;Terça;19:30:00;SP;116;149.6;SAO JOSE DOS CAMPOS;Outras;Colisão traseira;Sem Vítimas;Plena noite;Decrescente;Nublado;Simples;Reta;Urbano;2;2
1255724;2013-02-21;Quinta;09:45:00;SP;116;125.0;CACAPAVA;Falta de atenção;Colisão lateral;Sem Vítimas;Pleno dia;Crescente;Ceu Claro;Dupla;Reta;Urbano;2;2
1255748;2013-02-21;Quinta;06:10:00;SP;116;225.0;GUARULHOS;Não guardar distância de segurança;Colisão traseira;Sem Vítimas;Pleno dia;Crescente;Ceu Claro;Múltipla;Reta;Urbano;4;4
1255782;2013-02-21;Quinta;07:50:00;SP;116;130.0;CACAPAVA;Dormindo;Colisão traseira;Sem Vítimas;Pleno dia;Decrescente;Ceu Claro;Dupla;Reta;Urbano;2;2
1255865;2013-02-18;Segunda;11:15:00;SP;116;165.0;JACAREI;Outras;Colisão traseira;Sem Vítimas;Pleno dia;Crescente;Ceu Claro;Dupla;Reta;Rural;2;2
1255871;2013-02-21;Quinta;14:00:00;SP;116;215.0;GUARULHOS;Velocidade incompatível;Colisão com objeto fixo;Sem Vítimas;Pleno dia;Crescente;Ceu Claro;Múltipla;Reta;Urbano;2;2
1255907;2013-02-21;Quinta;09:15:00;SP;116;111.6;TAUBATE;Não guardar distância de segurança;Colisão traseira;Sem Vítimas;Pleno dia;Crescente;Sol;Dupla;Reta;Urbano;2;2
1255994;2013-02-20;Quarta;20:50:00;SP;116;210.0;GUARULHOS;Ingestão de álcool;Colisão lateral;Sem Vítimas;Plena noite;Crescente;Ceu Claro;Múltipla;Reta;Urbano;2;2
1256020;2013-02-07;Quinta;04:20:00;SP;116;184.0;SANTA ISABEL;Dormindo;Colisão traseira;Com Vítimas Feridas;Plena noite;Crescente;Ceu Claro;Dupla;Reta;Urbano;2;2
1256049;2013-02-09;Sábado;11:00:00;SP;116;130.8;CACAPAVA;Falta de atenção;Colisão lateral;Com Vítimas Feridas;Pleno dia;Decrescente;Sol;Dupla;Reta;Urbano;3;2
1256056;2013-02-21;Quinta;19:00:00;SP;116;146.9;SAO JOSE DOS CAMPOS;Falta de atenção;Colisão traseira;Sem Vítimas;Pleno dia;Crescente;Ceu Claro;Dupla;Reta;Urbano;3;3
1256133;2013-02-21;Quinta;18:35:00;SP;116;139.8;SAO JOSE DOS CAMPOS;Falta de atenção;Colisão traseira;Sem Vítimas;Anoitecer;Decrescente;Ceu Claro;Dupla;Reta;Urbano;3;3
1256138;2013-02-21;Quinta;18:40:00;SP;116;139.6;SAO JOSE DOS CAMPOS;Não guardar distância de segurança;Colisão traseira;Sem Vítimas;Pleno dia;Crescente;Ceu Claro;Dupla;Reta;Urbano;3;3
1256157;2013-02-18;Segunda;22:30:00;SP;116;128.5;CACAPAVA;Outras;Colisão traseira;Sem Vítimas;Plena noite;Crescente;Ceu Claro;Dupla;Reta;Urbano;3;3
1256236;2013-02-20;Quarta;01:40:00;SP;116;219.0;GUARULHOS;Não guardar distância de segurança;Colisão lateral;Com Vítimas Feridas;Plena noite;Crescente;Ceu Claro;Dupla;Reta;Urbano;2;2
1256306;2013-02-22;Sexta;10:15:00;SP;116;157.8;SAO JOSE DOS CAMPOS;Outras;Derramamento de Carga;Sem Vítimas;Pleno dia;Crescente;Ceu Claro;Simples;Curva;Urbano;1;1
1256379;2013-02-22;Sexta;10:00:00;SP;116;221.0;GUARULHOS;Defeito mecânico em veículo;Queda de motocicleta / bicicleta / veículo;Com Vítimas Feridas;Pleno dia;Crescente;Ceu Claro;Múltipla;Reta;Urbano;2;1
1256408;2013-02-22;Sexta;09:30:00;SP;116;220.0;GUARULHOS;Velocidade incompatível;Colisão com objeto fixo;Com Vítimas Feridas;Pleno dia;Decrescente;Ceu Claro;Múltipla;Reta;Urbano;1;1
1256482;2013-02-22;Sexta;19:30:00;SP;116;220.0;GUARULHOS;Não guardar distância de segurança;Colisão lateral;Sem Vítimas;Plena noite;Crescente;Nublado;Múltipla;Reta;Urbano;2;2
1256510;2013-02-20;Quarta;09:15:00;SP;116;219.0;GUARULHOS;Outras;Colisão traseira;Com Vítimas Feridas;Pleno dia;Crescente;Ceu Claro;Simples;Reta;Urbano;2;2
1256638;2013-02-22;Sexta;22:30:00;SP;116;215.0;GUARULHOS;Não guardar distância de segurança;Colisão traseira;Com Vítimas Feridas;Plena noite;Crescente;Nublado;Múltipla;Reta;Urbano;2;2
1256753;2013-02-19;Terça;20:10:00;SP;116;219.0;GUARULHOS;Falta de atenção;Colisão lateral;Sem Vítimas;Plena noite;Decrescente;Nublado;Dupla;Reta;Urbano;2;2
1256835;2013-02-21;Quinta;09:30:00;SP;116;219.0;GUARULHOS;Outras;Colisão traseira;Com Vítimas Feridas;Pleno dia;Crescente;Sol;Simples;Reta;Urbano;2;2
1256867;2013-02-20;Quarta;07:38:00;SP;116;188.0;SANTA ISABEL;Falta de atenção;Saída de Pista;Sem Vítimas;Pleno dia;Crescente;Ceu Claro;Simples;Curva;Rural;1;1
1256922;2013-02-21;Quinta;06:10:00;SP;116;225.0;GUARULHOS;Falta de atenção;Colisão traseira;Com Vítimas Feridas;Amanhecer;Crescente;Ceu Claro;Simples;Reta;Urbano;4;3
1256979;2013-02-23;Sábado;17:00:00;SP;116;127.0;CACAPAVA;Falta de atenção;Atropelamento de pessoa;Com Vítimas Feridas;Pleno dia;Decrescente;Nublado;Simples;Reta;Urbano;2;1
1257068;2013-02-19;Terça;12:42:00;SP;116;182.0;SANTA ISABEL;Defeito mecânico em veículo;Colisão traseira;Sem Vítimas;Pleno dia;Decrescente;Ceu Claro;Múltipla;Reta;Rural;2;2
1257140;2013-02-20;Quarta;19:30:00;SP;116;119.8;CACAPAVA;Outras;Colisão com objeto fixo;Sem Vítimas;Plena noite;Crescente;Ceu Claro;Dupla;Reta;Urbano;1;1
1257191;2013-02-16;Sábado;21:20:00;SP;116;224.0;GUARULHOS;Outras;Queda de motocicleta / bicicleta / veículo;Sem Vítimas;Plena noite;Decrescente;Nublado;Múltipla;Reta;Urbano;1;1
1257198;2013-02-16;Sábado;07:30:00;SP;116;221.0;GUARULHOS;Outras;Colisão lateral;Sem Vítimas;Pleno dia;Crescente;Sol;Múltipla;Reta;Urbano;2;2
1257215;2013-02-20;Quarta;16:45:00;SP;116;133.3;CACAPAVA;Falta de atenção;Colisão traseira;Sem Vítimas;Pleno dia;Crescente;Ceu Claro;Dupla;Reta;Urbano;3;3
1257219;2013-02-24;Domingo;12:45:00;SP;116;121.2;CACAPAVA;Não guardar distância de segurança;Colisão traseira;Sem Vítimas;Pleno dia;Crescente;Sol;Dupla;Reta;Rural;2;2
1257220;2013-02-21;Quinta;07:00:00;SP;116;130.0;CACAPAVA;Não guardar distância de segurança;Colisão traseira;Sem Vítimas;Pleno dia;Crescente;Sol;Dupla;Reta;Urbano;2;2
1257223;2013-02-22;Sexta;13:50:00;SP;116;204.0;ARUJA;Velocidade incompatível;Colisão traseira;Sem Vítimas;Pleno dia;Decrescente;Ceu Claro;Múltipla;Reta;Urbano;2;2
1257258;2013-02-24;Domingo;16:50:00;SP;116;178.2;SANTA ISABEL;Outras;Colisão traseira;Sem Vítimas;Pleno dia;Crescente;Sol;Dupla;Reta;Rural;3;3
1257275;2013-02-22;Sexta;22:50:00;SP;116;221.0;GUARULHOS;Velocidade incompatível;Colisão traseira;Sem Vítimas;Plena noite;Decrescente;Nublado;Múltipla;Reta;Urbano;3;3
1257297;2013-02-20;Quarta;09:50:00;SP;116;165.0;JACAREI;Falta de atenção;Colisão lateral;Sem Vítimas;Pleno dia;Crescente;Ceu Claro;Múltipla;Curva;Rural;2;2
1257314;2013-02-21;Quinta;08:20:00;SP;116;157.0;SAO JOSE DOS CAMPOS;Falta de atenção;Colisão traseira;Sem Vítimas;Pleno dia;Crescente;Sol;Dupla;Reta;Urbano;3;3
1257443;2013-02-22;Sexta;17:30:00;SP;116;203.0;ARUJA;Velocidade incompatível;Colisão traseira;Sem Vítimas;Pleno dia;Decrescente;Nublado;Múltipla;Reta;Urbano;4;4
1257526;2013-02-22;Sexta;12:45:00;SP;116;214.0;GUARULHOS;Não guardar distância de segurança;Colisão traseira;Sem Vítimas;Pleno dia;Decrescente;Ceu Claro;Dupla;Reta;Urbano;2;2
1257549;2013-02-19;Terça;14:19:00;SP;116;179.0;GUARAREMA;Outras;Tombamento;Sem Vítimas;Pleno dia;Crescente;Sol;Simples;Curva;Rural;1;1
1257577;2013-02-22;Sexta;01:40:00;SP;116;152.0;SAO JOSE DOS CAMPOS;Falta de atenção;Colisão lateral;Sem Vítimas;Plena noite;Crescente;Ceu Claro;Dupla;Reta;Urbano;2;2
1257578;2013-02-22;Sexta;10:30:00;SP;116;218.0;GUARULHOS;Não guardar distância de segurança;Colisão traseira;Sem Vítimas;Pleno dia;Crescente;Ceu Claro;Múltipla;Reta;Urbano;3;3
1257583;2013-02-19;Terça;04:30:00;SP;116;179.0;GUARAREMA;Falta de atenção;Colisão traseira;Sem Vítimas;Plena noite;Decrescente;Ceu Claro;Dupla;Reta;Urbano;2;2
1257614;2013-02-21;Quinta;08:10:00;SP;116;227.0;SAO PAULO;Falta de atenção;Colisão lateral;Com Vítimas Feridas;Pleno dia;Decrescente;Sol;Múltipla;Reta;Urbano;2;2
1257639;2013-02-22;Sexta;11:00:00;SP;116;182.0;SANTA ISABEL;Falta de atenção;Colisão com objeto fixo;Sem Vítimas;Pleno dia;Decrescente;Ceu Claro;Múltipla;Reta;Rural;1;1
1257705;2013-02-25;Segunda;07:20:00;SP;116;140.8;SAO JOSE DOS CAMPOS;Não guardar distância de segurança;Colisão traseira;Sem Vítimas;Pleno dia;Decrescente;Ceu Claro;Dupla;Reta;Urbano;2;2
1257716;2013-02-25;Segunda;08:10:00;SP;116;139.9;SAO JOSE DOS CAMPOS;Falta de atenção;Colisão lateral;Sem Vítimas;Pleno dia;Crescente;Ceu Claro;Dupla;Reta;Urbano;4;4
1257806;2013-02-22;Sexta;18:00:00;SP;116;203.0;ARUJA;Velocidade incompatível;Colisão traseira;Sem Vítimas;Anoitecer;Decrescente;Nublado;Dupla;Reta;Urbano;2;2
1257880;2013-02-25;Segunda;11:50:00;SP;116;113.0;TAUBATE;Defeito mecânico em veículo;Colisão frontal;Com Vítimas Feridas;Pleno dia;Crescente;Sol;Simples;Reta;Urbano;2;2
1257890;2013-02-19;Terça;18:35:00;SP;116;155.0;SAO JOSE DOS CAMPOS;Falta de atenção;Colisão traseira;Com Vítimas Feridas;Plena noite;Crescente;Chuva;Múltipla;Reta;Urbano;4;4
1257921;2013-02-25;Segunda;07:30:00;SP;116;142.0;SAO JOSE DOS CAMPOS;Não guardar distância de segurança;Colisão traseira;Sem Vítimas;Pleno dia;Decrescente;Ceu Claro;Dupla;Reta;Urbano;2;2
1257928;2013-02-25;Segunda;09:30:00;SP;116;143.0;SAO JOSE DOS CAMPOS;Não guardar distância de segurança;Colisão traseira;Sem Vítimas;Pleno dia;Decrescente;Ceu Claro;Dupla;Reta;Urbano;2;2
1257975;2013-02-25;Segunda;20:00:00;SP;116;210.0;GUARULHOS;Falta de atenção;Colisão lateral;Sem Vítimas;Anoitecer;Decrescente;Ceu Claro;Múltipla;Reta;Urbano;2;2
1258036;2013-02-13;Quarta;15:10:00;SP;116;107.9;TAUBATE;Falta de atenção;Colisão traseira;Com Vítimas Feridas;Pleno dia;Crescente;Sol;Dupla;Reta;Urbano;2;2
1258049;2013-02-14;Quinta;14:00:00;SP;116;213.0;GUARULHOS;Velocidade incompatível;Saída de Pista;Sem Vítimas;Pleno dia;Crescente;Ceu Claro;Múltipla;Reta;Urbano;1;1
1258057;2013-02-18;Segunda;22:40:00;SP;116;207.0;GUARULHOS;Não guardar distância de segurança;Colisão traseira;Sem Vítimas;Plena noite;Crescente;Ceu Claro;Dupla;Reta;Urbano;2;2
1258122;2013-02-22;Sexta;19:00:00;SP;116;134.5;SAO JOSE DOS CAMPOS;Outras;Colisão traseira;Sem Vítimas;Anoitecer;Crescente;Chuva;Dupla;Reta;Urbano;5;5
1258125;2013-02-22;Sexta;19:30:00;SP;116;152.0;SAO JOSE DOS CAMPOS;Não guardar distância de segurança;Colisão traseira;Com Vítimas Feridas;Plena noite;Decrescente;Chuva;Dupla;Reta;Urbano;4;2
1258136;2013-02-26;Terça;08:00:00;SP;116;141.6;SAO JOSE DOS CAMPOS;Outras;Colisão lateral;Com Vítimas Feridas;Pleno dia;Crescente;Ceu Claro;Dupla;Reta;Urbano;2;2
1258151;2013-02-22;Sexta;15:00:00;SP;116;165.0;JACAREI;Não guardar distância de segurança;Colisão traseira;Sem Vítimas;Pleno dia;Crescente;Ceu Claro;Múltipla;Reta;Rural;2;2
1258162;2013-02-24;Domingo;07:00:00;SP;116;145.4;SAO JOSE DOS CAMPOS;Dormindo;Saída de Pista;Sem Vítimas;Amanhecer;Decrescente;Ceu Claro;Dupla;Reta;Rural;2;1
1258174;2013-02-26;Terça;07:45:00;SP;116;141.6;SAO JOSE DOS CAMPOS;Outras;Colisão traseira;Com Vítimas Feridas;Pleno dia;Crescente;Ceu Claro;Dupla;Reta;Urbano;3;3
1258260;2013-02-26;Terça;11:25:00;SP;116;162.4;JACAREI;Falta de atenção;Colisão lateral;Com Vítimas Feridas;Pleno dia;Decrescente;Ceu Claro;Dupla;Reta;Urbano;2;2
1258279;2013-02-23;Sábado;21:00:00;SP;116;229.0;SAO PAULO;Outras;Colisão lateral;Sem Vítimas;Plena noite;Crescente;Ceu Claro;Múltipla;Reta;Urbano;2;2
1258292;2013-02-25;Segunda;07:40:00;SP;116;144.7;SAO JOSE DOS CAMPOS;Não guardar distância de segurança;Colisão traseira;Sem Vítimas;Pleno dia;Crescente;Ceu Claro;Múltipla;Reta;Urbano;3;3
1258311;2013-02-25;Segunda;14:00:00;SP;116;220.0;GUARULHOS;Falta de atenção;Colisão lateral;Sem Vítimas;Pleno dia;Decrescente;Ceu Claro;Múltipla;Reta;Urbano;2;2
1258324;2013-02-21;Quinta;18:20:00;SP;116;147.0;SAO JOSE DOS CAMPOS;Falta de atenção;Colisão lateral;Sem Vítimas;Anoitecer;Decrescente;Ceu Claro;Dupla;Reta;Urbano;2;2
1258334;2013-02-26;Terça;17:45:00;SP;116;158.9;JACAREI;Falta de atenção;Colisão lateral;Sem Vítimas;Pleno dia;Decrescente;Ceu Claro;Múltipla;Reta;Rural;3;2
1258381;2013-02-22;Sexta;11:30:00;SP;116;147.8;SAO JOSE DOS CAMPOS;Não guardar distância de segurança;Colisão traseira;Sem Vítimas;Pleno dia;Crescente;Ceu Claro;Dupla;Reta;Urbano;2;2
1258453;2013-02-26;Terça;15:40:00;SP;116;139.0;SAO JOSE DOS CAMPOS;Outras;Colisão traseira;Sem Vítimas;Pleno dia;Decrescente;Chuva;Dupla;Reta;Urbano;2;2
1258457;2013-02-26;Terça;22:00:00;SP;116;214.0;GUARULHOS;Velocidade incompatível;Colisão traseira;Sem Vítimas;Plena noite;Decrescente;Chuva;Múltipla;Reta;Urbano;3;3
1258518;2013-02-20;Quarta;22:10:00;SP;116;108.0;TAUBATE;Não guardar distância de segurança;Colisão traseira;Com Vítimas Feridas;Plena noite;Crescente;Nublado;Dupla;Reta;Urbano;6;2
1258665;2013-02-22;Sexta;19:52:00;SP;116;148.6;SAO JOSE DOS CAMPOS;Não guardar distância de segurança;Colisão traseira;Sem Vítimas;Plena noite;Decrescente;Chuva;Múltipla;Reta;Urbano;3;3
1258692;2013-02-26;Terça;10:30:00;SP;116;225.0;GUARULHOS;Velocidade incompatível;Colisão traseira;Sem Vítimas;Pleno dia;Crescente;Ceu Claro;Múltipla;Reta;Urbano;2;2
1258821;2013-02-27;Quarta;07:45:00;SP;116;141.3;SAO JOSE DOS CAMPOS;Não guardar distância de segurança;Colisão lateral;Com Vítimas Feridas;Pleno dia;Crescente;Ceu Claro;Simples;Reta;Urbano;2;2
1258887;2013-02-26;Terça;10:00:00;SP;116;226.0;GUARULHOS;Não guardar distância de segurança;Colisão lateral;Sem Vítimas;Pleno dia;Decrescente;Ceu Claro;Múltipla;Reta;Urbano;2;2
1258889;2013-02-27;Quarta;18:00:00;SP;116;222.0;GUARULHOS;Não guardar distância de segurança;Colisão lateral;Sem Vítimas;Anoitecer;Decrescente;Ceu Claro;Múltipla;Reta;Urbano;3;3
1258919;2013-02-27;Quarta;15:45:00;SP;116;144.7;SAO JOSE DOS CAMPOS;Falta de atenção;Colisão traseira;Sem Vítimas;Pleno dia;Crescente;Nublado;Múltipla;Reta;Urbano;2;2
1258931;2013-02-26;Terça;08:20:00;SP;116;135.0;SAO JOSE DOS CAMPOS;Outras;Colisão traseira;Sem Vítimas;Pleno dia;Crescente;Ceu Claro;Dupla;Reta;Urbano;2;2
1258963;2013-02-22;Sexta;22:00:00;SP;116;214.0;GUARULHOS;Não guardar distância de segurança;Colisão lateral;Sem Vítimas;Plena noite;Crescente;Ceu Claro;Dupla;Reta;Urbano;2;2
1258972;2013-02-25;Segunda;08:20:00;SP;116;223.0;GUARULHOS;Falta de atenção;Colisão lateral;Sem Vítimas;Amanhecer;Decrescente;Ceu Claro;Dupla;Reta;Urbano;2;2
1259002;2013-02-24;Domingo;06:15:00;SP;116;107.4;TAUBATE;Velocidade incompatível;Colisão com objeto fixo;Com Vítimas Feridas;Pleno dia;Decrescente;Ceu Claro;Dupla;Reta;Urbano;1;1
1259017;2013-02-23;Sábado;13:20:00;SP;116;226.0;GUARULHOS;Falta de atenção;Colisão lateral;Sem Vítimas;Pleno dia;Crescente;Sol;Múltipla;Reta;Urbano;2;2
1259028;2013-02-28;Quinta;04:30:00;SP;116;189.0;SANTA ISABEL;Dormindo;Colisão traseira;Com Vítimas Feridas;Amanhecer;Crescente;Ceu Claro;Dupla;Reta;Rural;2;2
1259092;2013-02-26;Terça;20:50:00;SP;116;202.5;ARUJA;Velocidade incompatível;Saída de Pista;Com Vítimas Feridas;Plena noite;Decrescente;Chuva;Dupla;Reta;Urbano;1;1
1259102;2013-02-24;Domingo;17:45:00;SP;116;204.0;ARUJA;Falta de atenção;Colisão lateral;Sem Vítimas;Anoitecer;Decrescente;Ceu Claro;Dupla;Reta;Urbano;2;2
1259109;2013-02-28;Quinta;08:10:00;SP;116;199.3;ARUJA;Outras;Colisão traseira;Sem Vítimas;Pleno dia;Decrescente;Nublado;Dupla;Reta;Urbano;2;2
1259124;2013-02-21;Quinta;12:10:00;SP;116;228.0;SAO PAULO;Outras;Colisão traseira;Sem Vítimas;Pleno dia;Crescente;Ceu Claro;Múltipla;Reta;Urbano;3;3
1259125;2013-02-20;Quarta;17:30:00;SP;116;214.5;GUARULHOS;Outras;Colisão traseira;Sem Vítimas;Pleno dia;Crescente;Ceu Claro;Múltipla;Reta;Urbano;2;2
1259257;2013-02-24;Domingo;22:40:00;SP;116;112.1;TAUBATE;Não guardar distância de segurança;Colisão traseira;Sem Vítimas;Plena noite;Crescente;Nublado;Dupla;Reta;Urbano;3;3
1259270;2013-02-27;Quarta;10:15:00;SP;116;204.0;GUARULHOS;Falta de atenção;Colisão lateral;Sem Vítimas;Amanhecer;Decrescente;Sol;Simples;Reta;Urbano;2;2
1259290;2013-02-28;Quinta;14:30:00;SP;116;220.0;GUARULHOS;Outras;Queda de motocicleta / bicicleta / veículo;Com Vítimas Feridas;Pleno dia;Decrescente;Ceu Claro;Múltipla;Reta;Urbano;2;2
1259348;2013-02-28;Quinta;21:00:00;SP;116;219.0;GUARULHOS;Outras;Colisão lateral;Sem Vítimas;Pleno dia;Decrescente;Ceu Claro;Múltipla;Reta;Urbano;2;2
1259350;2013-02-25;Segunda;08:00:00;SP;116;157.0;SAO JOSE DOS CAMPOS;Outras;Colisão traseira;Sem Vítimas;Pleno dia;Decrescente;Sol;Dupla;Reta;Urbano;3;3
1259356;2013-02-24;Domingo;23:15:00;SP;116;110.8;TAUBATE;Animais na Pista;Atropelamento de animal;Sem Vítimas;Plena noite;Crescente;Ceu Claro;Dupla;Reta;Urbano;1;1
1259368;2013-02-20;Quarta;19:30:00;SP;116;222.0;GUARULHOS;Não guardar distância de segurança;Colisão traseira;Com Vítimas Feridas;Plena noite;Decrescente;Nublado;Múltipla;Reta;Urbano;3;2
1259379;2013-02-25;Segunda;22:55:00;SP;116;219.0;GUARULHOS;Outras;Colisão lateral;Sem Vítimas;Plena noite;Decrescente;Ceu Claro;Múltipla;Reta;Urbano;2;2
1259385;2013-02-25;Segunda;00:10:00;SP;116;227.0;GUARULHOS;Não guardar distância de segurança;Colisão traseira;Com Vítimas Feridas;Plena noite;Decrescente;Nublado;Múltipla;Reta;Urbano;2;2
1259391;2013-02-25;Segunda;04:40:00;SP;116;126.0;CACAPAVA;Outras;Colisão lateral;Sem Vítimas;Amanhecer;Crescente;Ceu Claro;Dupla;Reta;Urbano;2;2
1259602;2013-02-27;Quarta;08:50:00;SP;116;131.0;CACAPAVA;Falta de atenção;Colisão lateral;Sem Vítimas;Pleno dia;Crescente;Ceu Claro;Simples;Reta;Rural;2;2
1259718;2013-02-23;Sábado;13:20:00;SP;116;165.0;JACAREI;Não guardar distância de segurança;Colisão traseira;Sem Vítimas;Pleno dia;Decrescente;Ceu Claro;Múltipla;Reta;Rural;2;2
1259815;2013-02-28;Quinta;03:30:00;SP;116;201.0;ARUJA;Dormindo;Colisão traseira;Com Vítimas Fatais;Plena noite;Decrescente;Ignorada;Dupla;Reta;Urbano;2;2
1259920;2013-02-28;Quinta;16:00:00;SP;116;223.0;GUARULHOS;Falta de atenção;Colisão lateral;Com Vítimas Feridas;Pleno dia;Decrescente;Ceu Claro;Múltipla;Reta;Urbano;2;2
1259959;2013-03-01;Sexta;10:40:00;SP;116;211.0;GUARULHOS;Falta de atenção;Colisão traseira;Sem Vítimas;Pleno dia;Decrescente;Sol;Múltipla;Reta;Urbano;2;2
1260084;2013-03-01;Sexta;08:30:00;SP;116;110.0;TAUBATE;Falta de atenção;Colisão lateral;Sem Vítimas;Pleno dia;Crescente;Ceu Claro;Dupla;Reta;Urbano;2;2
1260087;2013-03-01;Sexta;18:35:00;SP;116;114.8;TAUBATE;Não guardar distância de segurança;Colisão traseira;Sem Vítimas;Anoitecer;Decrescente;Chuva;Dupla;Reta;Urbano;5;5
1260126;2013-02-27;Quarta;08:50:00;SP;116;226.0;GUARULHOS;Falta de atenção;Tombamento;Sem Vítimas;Amanhecer;Crescente;Ceu Claro;Múltipla;Reta;Urbano;2;2
1260134;2013-02-26;Terça;23:40:00;SP;116;161.0;JACAREI;Outras;Colisão lateral;Sem Vítimas;Plena noite;Crescente;Chuva;Dupla;Reta;Urbano;2;2
1260155;2013-02-28;Quinta;23:30:00;SP;116;204.0;ARUJA;Não guardar distância de segurança;Colisão traseira;Sem Vítimas;Plena noite;Decrescente;Ceu Claro;Dupla;Reta;Urbano;3;3
1260170;2013-02-26;Terça;11:30:00;SP;116;116.6;TAUBATE;Outras;Colisão traseira;Sem Vítimas;Pleno dia;Crescente;Nublado;Dupla;Reta;Urbano;2;2
1260184;2013-02-21;Quinta;18:40:00;SP;116;107.6;TAUBATE;Não guardar distância de segurança;Colisão traseira;Sem Vítimas;Pleno dia;Decrescente;Sol;Dupla;Reta;Urbano;2;2
1260191;2013-02-27;Quarta;01:15:00;SP;116;136.5;SAO JOSE DOS CAMPOS;Outras;Colisão traseira;Com Vítimas Feridas;Plena noite;Decrescente;Ceu Claro;Dupla;Reta;Urbano;2;2
1260192;2013-02-22;Sexta;06:50:00;SP;116;210.0;GUARULHOS;Não guardar distância de segurança;Colisão traseira;Sem Vítimas;Pleno dia;Decrescente;Nublado;Múltipla;Reta;Urbano;2;2
1260208;2013-02-22;Sexta;17:00:00;SP;116;206.0;GUARULHOS;Não guardar distância de segurança;Colisão lateral;Sem Vítimas;Pleno dia;Decrescente;Chuva;Dupla;Reta;Urbano;2;2
1260272;2013-02-26;Terça;22:30:00;SP;116;198.0;ARUJA;Velocidade incompatível;Colisão traseira;Sem Vítimas;Plena noite;Crescente;Chuva;Dupla;Reta;Urbano;2;2
1260327;2013-03-01;Sexta;17:30:00;SP;116;155.8;SAO JOSE DOS CAMPOS;Falta de atenção;Colisão traseira;Com Vítimas Feridas;Pleno dia;Crescente;Ceu Claro;Múltipla;Reta;Urbano;3;3
1260328;2013-02-27;Quarta;06:40:00;SP;116;145.5;SAO JOSE DOS CAMPOS;Não guardar distância de segurança;Colisão traseira;Sem Vítimas;Pleno dia;Crescente;Nublado;Dupla;Reta;Urbano;6;4
1260364;2013-02-22;Sexta;09:45:00;SP;116;107.7;TAUBATE;Outras;Colisão com objeto fixo;Sem Vítimas;Pleno dia;Crescente;Ceu Claro;Dupla;Reta;Urbano;1;1
1260381;2013-02-27;Quarta;11:10:00;SP;116;211.0;GUARULHOS;Falta de atenção;Colisão lateral;Sem Vítimas;Pleno dia;Crescente;Nublado;Múltipla;Reta;Urbano;2;2
1260482;2013-03-01;Sexta;13:00:00;SP;116;107.6;TAUBATE;Falta de atenção;Colisão traseira;Sem Vítimas;Pleno dia;Decrescente;Ceu Claro;Dupla;Reta;Urbano;2;2
1260486;2013-03-01;Sexta;23:16:00;SP;116;138.2;SAO JOSE DOS CAMPOS;Falta de atenção;Colisão lateral;Com Vítimas Feridas;Plena noite;Crescente;Ceu Claro;Dupla;Reta;Urbano;3;3
1260516;2013-03-02;Sábado;20:30:00;SP;116;228.0;GUARULHOS;Não guardar distância de segurança;Colisão lateral;Sem Vítimas;Plena noite;Decrescente;Ceu Claro;Múltipla;Reta;Urbano;2;2
1260697;2013-02-24;Domingo;00:17:00;SP;116;201.0;ARUJA;Falta de atenção;Queda de motocicleta / bicicleta / veículo;Com Vítimas Feridas;Plena noite;Crescente;Nublado;Dupla;Reta;Urbano;2;1
1260705;2013-02-27;Quarta;11:00:00;SP;116;210.0;GUARULHOS;Não guardar distância de segurança;Colisão lateral;Sem Vítimas;Pleno dia;Decrescente;Sol;Múltipla;Reta;Urbano;2;2
1260717;2013-02-28;Quinta;00:58:00;SP;116;193.6;SANTA ISABEL;Falta de atenção;Colisão traseira;Sem Vítimas;Plena noite;Decrescente;Ceu Claro;Dupla;Reta;Rural;2;2
1260722;2013-03-03;Domingo;11:30:00;SP;116;221.4;GUARULHOS;Falta de atenção;Colisão lateral;Sem Vítimas;Pleno dia;Decrescente;Sol;Múltipla;Reta;Urbano;3;3
1260752;2013-03-03;Domingo;08:00:00;SP;116;182.9;SANTA ISABEL;Outras;Colisão com objeto fixo;Sem Vítimas;Amanhecer;Crescente;Ceu Claro;Dupla;Reta;Rural;1;1
1260766;2013-03-01;Sexta;22:45:00;SP;116;138.7;SAO JOSE DOS CAMPOS;Outras;Colisão traseira;Com Vítimas Feridas;Plena noite;Crescente;Ceu Claro;Dupla;Reta;Urbano;3;2
1260789;2013-03-03;Domingo;13:29:00;SP;116;229.0;SAO PAULO;Outras;Queda de motocicleta / bicicleta / veículo;Com Vítimas Feridas;Pleno dia;Crescente;Ceu Claro;Múltipla;Reta;Urbano;1;1