id;data_inversa;dia_semana;horario;uf;br;km;municipio;causa_acidente;tipo_acidente;classificacao_acidente;fase_dia;sentido_via;condicao_metereologica;tipo_pista;tracado_via;uso_solo;pessoas;veiculos
1278601;2013-04-03;Quarta;15:40:00;SP;116;227.5;GUARULHOS;Falta de atenção;Colisão traseira;Com Vítimas Feridas;Pleno dia;Decrescente;Nublado;Múltipla;Reta;Urbano;2;2
1278605;2013-03-29;Sexta;10:00:00;SP;116;182.0;GUARAREMA;Falta de atenção;Colisão traseira;Sem Vítimas;Amanhecer;Crescente;Sol;Dupla;Reta;Urbano;2;2
1278683;2013-04-03;Quarta;06:20:00;SP;116;227.0;SAO PAULO;Outras;Colisão lateral;Com Vítimas Feridas;Pleno dia;Crescente;Ceu Claro;Múltipla;Reta;Urbano;2;2
1278755;2013-04-06;Sábado;10:30:00;SP;116;212.0;GUARULHOS;Falta de atenção;Colisão lateral;Sem Vítimas;Pleno dia;Decrescente;Ceu Claro;Múltipla;Reta;Urbano;2;2
1278793;2013-04-05;Sexta;08:30:00;SP;116;227.0;GUARULHOS;Falta de atenção;Colisão lateral;Sem Vítimas;Pleno dia;Crescente;Ceu Claro;Múltipla;Reta;Urbano;2;2
1278840;2013-03-24;Domingo;19:00:00;SP;116;125.8;CACAPAVA;Falta de atenção;Colisão traseira;Sem Vítimas;Plena noite;Decrescente;Chuva;Dupla;Reta;Urbano;2;2
1279016;2013-04-03;Quarta;19:30:00;SP;116;154.5;SAO JOSE DOS CAMPOS;Falta de atenção;Colisão traseira;Com Vítimas Feridas;Plena noite;Crescente;Ceu Claro;Dupla;Reta;Urbano;5;4
1279024;2013-04-05;Sexta;08:20:00;SP;116;223.0;GUARULHOS;Não guardar distância de segurança;Colisão traseira;Sem Vítimas;Pleno dia;Decrescente;Ceu Claro;Dupla;Reta;Urbano;2;2
1279045;2013-04-02;Terça;06:00:00;SP;116;226.9;GUARULHOS;Outras;Atropelamento de pessoa;Com Vítimas Fatais;Amanhecer;Crescente;Nublado;Múltipla;Reta;Urbano;2;1
1279167;2013-04-06;Sábado;11:10:00;SP;116;127.0;CACAPAVA;Falta de atenção;Colisão traseira;Sem Vítimas;Pleno dia;Decrescente;Ceu Claro;Dupla;Reta;Urbano;2;2
1279175;2013-04-04;Quinta;08:07:00;SP;116;222.0;GUARULHOS;Não guardar distância de segurança;Colisão lateral;Com Vítimas Feridas;Amanhecer;Crescente;Sol;Dupla;Reta;Urbano;2;2
1279215;2013-04-07;Domingo;16:30:00;SP;116;221.0;GUARULHOS;Ultrapassagem indevida;Colisão com objeto fixo;Sem Vítimas;Pleno dia;Crescente;Nublado;Múltipla;Reta;Urbano;1;1
1279220;2013-04-07;Domingo;15:00:00;SP;116;209.3;GUARULHOS;Falta de atenção;Colisão com objeto fixo;Sem Vítimas;Pleno dia;Crescente;Nublado;Múltipla;Reta;Urbano;1;1
1279227;2013-04-02;Terça;09:00:00;SP;116;227.0;GUARULHOS;Falta de atenção;Colisão traseira;Com Vítimas Feridas;Pleno dia;Crescente;Ceu Claro;Múltipla;Reta;Urbano;6;6
1279251;2013-04-05;Sexta;07:00:00;SP;116;214.0;GUARULHOS;Não guardar distância de segurança;Colisão lateral;Com Vítimas Feridas;Pleno dia;Crescente;Chuva;Múltipla;Reta;Urbano;2;2
1279301;2013-04-07;Domingo;04:30:00;SP;116;205.0;GUARULHOS;Outras;Saída de Pista;Com Vítimas Fatais;Plena noite;Crescente;Ceu Claro;Múltipla;Reta;Urbano;5;1
1279394;2013-04-05;Sexta;19:35:00;SP;116;211.0;GUARULHOS;Não guardar distância de segurança;Colisão traseira;Sem Vítimas;Plena noite;Decrescente;Ceu Claro;Múltipla;Reta;Urbano;2;2
1279417;2013-04-08;Segunda;07:50:00;SP;116;228.0;GUARULHOS;Animais na Pista;Atropelamento de animal;Com Vítimas Feridas;Amanhecer;Crescente;Ceu Claro;Múltipla;Reta;Urbano;1;1
1279419;2013-03-29;Sexta;09:00:00;SP;116;225.0;GUARULHOS;Falta de atenção;Colisão com objeto fixo;Sem Vítimas;Pleno dia;Crescente;Sol;Simples;Reta;Urbano;1;1
1279427;2013-04-02;Terça;12:30:00;SP;116;209.0;GUARULHOS;Outras;Colisão traseira;Sem Vítimas;Pleno dia;Crescente;Ceu Claro;Múltipla;Reta;Urbano;2;2
1279442;2013-04-02;Terça;11:15:00;SP;116;214.0;GUARULHOS;Outras;Colisão traseira;Sem Vítimas;Pleno dia;Crescente;Nublado;Simples;Reta;Urbano;2;2
1279457;2013-04-06;Sábado;21:50:00;SP;116;222.0;GUARULHOS;Outras;Colisão traseira;Com Vítimas Feridas;Plena noite;Decrescente;Ceu Claro;Múltipla;Reta;Urbano;9;7
1279501;2013-04-06;Sábado;23:45:00;SP;116;229.7;SAO PAULO;Outras;Colisão com objeto fixo;Sem Vítimas;Plena noite;Decrescente;Ceu Claro;Múltipla;Reta;Urbano;2;2
1279505;2013-04-04;Quinta;08:15:00;SP;116;146.0;SAO JOSE DOS CAMPOS;Outras;Colisão frontal;Com Vítimas Feridas;Pleno dia;Decrescente;Ceu Claro;Dupla;Reta;Urbano;4;3
1279559;2013-04-01;Segunda;19:40:00;SP;116;220.0;GUARULHOS;Falta de atenção;Colisão traseira;Sem Vítimas;Plena noite;Decrescente;Ceu Claro;Múltipla;Reta;Urbano;2;2
1279561;2013-03-27;Quarta;10:20:00;SP;116;165.0;JACAREI;Defeito na via;Colisão traseira;Sem Vítimas;Pleno dia;Crescente;Ceu Claro;Múltipla;Reta;Rural;2;2
1279597;2013-04-08;Segunda;09:20:00;SP;116;128.0;CACAPAVA;Defeito na via;Queda de motocicleta / bicicleta / veículo;Com Vítimas Feridas;Pleno dia;Decrescente;Nublado;Simples;Reta;Rural;1;1
1279614;2013-04-05;Sexta;15:50:00;SP;116;204.0;ARUJA;Não guardar distância de segurança;Colisão traseira;Com Vítimas Feridas;Pleno dia;Crescente;Nublado;Múltipla;Reta;Urbano;3;3
1279651;2013-04-07;Domingo;01:00:00;SP;116;151.5;SAO JOSE DOS CAMPOS;Ingestão de álcool;Colisão com objeto fixo;Com Vítimas Fatais;Plena noite;Crescente;Ceu Claro;Dupla;Reta;Urbano;5;2
1279670;2013-04-06;Sábado;05:00:00;SP;116;226.0;GUARULHOS;Ingestão de álcool;Colisão traseira;Sem Vítimas;Amanhecer;Crescente;Ignorada;Múltipla;Reta;Urbano;3;3
1279678;2013-04-03;Quarta;17:40:00;SP;116;227.0;GUARULHOS;Outras;Colisão lateral;Com Vítimas Feridas;Pleno dia;Crescente;Ceu Claro;Dupla;Reta;Urbano;3;3
1279698;2013-04-05;Sexta;06:50:00;SP;116;215.0;GUARULHOS;Não guardar distância de segurança;Colisão lateral;Sem Vítimas;Pleno dia;Crescente;Chuva;Múltipla;Reta;Urbano;2;2
1279717;2013-01-06;Domingo;18:00:00;SP;116;219.0;GUARULHOS;Outras;Capotamento;Com Vítimas Feridas;Anoitecer;Crescente;Ceu Claro;Múltipla;Reta;Urbano;2;1
1279727;2013-04-08;Segunda;11:30:00;SP;116;228.0;SAO PAULO;Falta de atenção;Colisão traseira;Sem Vítimas;Pleno dia;Crescente;Chuva;Múltipla;Reta;Urbano;2;2
1279732;2013-04-08;Segunda;10:00:00;SP;116;147.3;SAO JOSE DOS CAMPOS;Outras;Colisão com objeto móvel;Sem Vítimas;Pleno dia;Decrescente;Ceu Claro;Dupla;Reta;Urbano;3;3
1279734;2013-04-08;Segunda;05:45:00;SP;116;223.0;GUARULHOS;Falta de atenção;Colisão traseira;Sem Vítimas;Amanhecer;Crescente;Ceu Claro;Múltipla;Reta;Urbano;2;2
1279749;2013-03-25;Segunda;19:00:00;SP;116;223.0;GUARULHOS;Outras;Colisão lateral;Com Vítimas Feridas;Plena noite;Decrescente;Nublado;Múltipla;Reta;Urbano;2;2
1279792;2013-03-29;Sexta;19:00:00;SP;116;225.0;GUARULHOS;Outras;Colisão traseira;Sem Vítimas;Plena noite;Crescente;Nublado;Múltipla;Reta;Urbano;2;2
1279804;2013-04-02;Terça;13:30:00;SP;116;216.0;GUARULHOS;Outras;Colisão com objeto fixo;Com Vítimas Feridas;Pleno dia;Crescente;Nublado;Múltipla;Reta;Urbano;2;1
1279817;2013-04-08;Segunda;11:40:00;SP;116;227.0;SAO PAULO;Não guardar distância de segurança;Colisão traseira;Sem Vítimas;Pleno dia;Decrescente;Chuva;Múltipla;Reta;Urbano;2;2
1279825;2013-04-05;Sexta;18:00:00;SP;116;137.9;SAO JOSE DOS CAMPOS;Não guardar distância de segurança;Colisão lateral;Com Vítimas Feridas;Anoitecer;Crescente;Nublado;Dupla;Reta;Urbano;3;3
1279829;2013-04-06;Sábado;23:30:00;SP;116;132.7;CACAPAVA;Outras;Queda de motocicleta / bicicleta / veículo;Com Vítimas Feridas;Plena noite;Decrescente;Ceu Claro;Dupla;Reta;Urbano;2;1
1279884;2013-04-07;Domingo;16:30:00;SP;116;148.0;SAO JOSE DOS CAMPOS;Não guardar distância de segurança;Colisão traseira;Sem Vítimas;Pleno dia;Crescente;Chuva;Dupla;Reta;Urbano;2;2
1279989;2013-04-04;Quinta;14:00:00;SP;116;192.0;SANTA ISABEL;Outras;Queda de motocicleta / bicicleta / veículo;Sem Vítimas;Pleno dia;Decrescente;Ceu Claro;Dupla;Reta;Rural;1;1
1279994;2013-04-05;Sexta;18:30:00;SP;116;136.7;SAO JOSE DOS CAMPOS;Não guardar distância de segurança;Colisão traseira;Sem Vítimas;Anoitecer;Crescente;Nublado;Dupla;Reta;Urbano;2;2
1280128;2013-04-09;Terça;11:35:00;SP;116;150.0;SAO JOSE DOS CAMPOS;Desobediência à sinalização;Colisão lateral;Sem Vítimas;Pleno dia;Crescente;Ceu Claro;Dupla;Reta;Urbano;2;2
1280159;2013-04-04;Quinta;17:30:00;SP;116;148.0;SAO JOSE DOS CAMPOS;Falta de atenção;Colisão traseira;Sem Vítimas;Pleno dia;Decrescente;Ceu Claro;Dupla;Reta;Urbano;3;3
1280227;2013-04-05;Sexta;10:15:00;SP;116;218.0;GUARULHOS;Desobediência à sinalização;Colisão lateral;Sem Vítimas;Pleno dia;Crescente;Ceu Claro;Múltipla;Reta;Urbano;2;2
1280253;2013-04-08;Segunda;09:15:00;SP;116;227.0;GUARULHOS;Falta de atenção;Colisão traseira;Sem Vítimas;Amanhecer;Crescente;Sol;Múltipla;Reta;Urbano;2;2
1280320;2013-04-08;Segunda;23:00:00;SP;116;219.0;GUARULHOS;Falta de atenção;Colisão lateral;Sem Vítimas;Plena noite;Decrescente;Nublado;Múltipla;Reta;Urbano;2;2
1280346;2013-03-26;Terça;19:00:00;SP;116;149.5;SAO JOSE DOS CAMPOS;Não guardar distância de segurança;Colisão traseira;Sem Vítimas;Plena noite;Crescente;Chuva;Dupla;Reta;Rural;3;3
1280349;2013-04-09;Terça;12:25:00;SP;116;115.1;TAUBATE;Outras;Colisão traseira;Com Vítimas Feridas;Pleno dia;Decrescente;Sol;Dupla;Curva;Urbano;3;2
1280401;2013-04-08;Segunda;06:40:00;SP;116;219.0;GUARULHOS;Falta de atenção;Colisão traseira;Sem Vítimas;Pleno dia;Decrescente;Ceu Claro;Múltipla;Reta;Urbano;3;3
1280440;2013-04-05;Sexta;17:00:00;SP;116;229.0;SAO PAULO;Não guardar distância de segurança;Colisão traseira;Com Vítimas Fatais;Pleno dia;Crescente;Nublado;Múltipla;Reta;Urbano;2;2
1280562;2013-03-25;Segunda;04:30:00;SP;116;220.0;GUARULHOS;Falta de atenção;Colisão com objeto fixo;Sem Vítimas;Plena noite;Decrescente;Chuva;Múltipla;Reta;Urbano;1;1
1280570;2013-03-28;Quinta;07:30:00;SP;116;216.0;GUARULHOS;Falta de atenção;Colisão traseira;Sem Vítimas;Pleno dia;Crescente;Ceu Claro;Múltipla;Reta;Urbano;3;3
1280583;2013-04-09;Terça;06:40:00;SP;116;222.0;GUARULHOS;Falta de atenção;Colisão traseira;Com Vítimas Feridas;Pleno dia;Crescente;Ceu Claro;Múltipla;Reta;Urbano;2;2
1280713;2013-04-07;Domingo;14:30:00;SP;116;225.0;GUARULHOS;Outras;Colisão com objeto móvel;Sem Vítimas;Plena noite;Crescente;Ceu Claro;Múltipla;Reta;Urbano;1;1
1280720;2013-04-02;Terça;22:40:00;SP;116;219.0;GUARULHOS;Outras;Colisão traseira;Sem Vítimas;Plena noite;Decrescente;Ceu Claro;Múltipla;Cruzamento;Urbano;3;3
1280793;2013-04-07;Domingo;19:20:00;SP;116;221.0;GUARULHOS;Outras;Atropelamento de pessoa;Com Vítimas Feridas;Plena noite;Crescente;Ceu Claro;Múltipla;Reta;Urbano;3;2
1280846;2013-04-06;Sábado;22:35:00;SP;116;214.0;GUARULHOS;Falta de atenção;Colisão traseira;Sem Vítimas;Plena noite;Crescente;Ceu Claro;Múltipla;Reta;Urbano;2;2
1280901;2013-04-10;Quarta;18:30:00;SP;116;218.0;GUARULHOS;Não guardar distância de segurança;Colisão traseira;Sem Vítimas;Anoitecer;Crescente;Ceu Claro;Múltipla;Reta;Urbano;3;3
1280930;2013-03-27;Quarta;07:40:00;SP;116;222.1;GUARULHOS;Falta de atenção;Colisão traseira;Sem Vítimas;Pleno dia;Crescente;Ceu Claro;Múltipla;Reta;Urbano;2;2
1281073;2013-04-10;Quarta;11:45:00;SP;116;99.0;PINDAMONHANGABA;Outras;Colisão com objeto móvel;Sem Vítimas;Pleno dia;Decrescente;Ceu Claro;Dupla;Reta;Urbano;1;1
1281149;2013-04-11;Quinta;07:35:00;SP;116;138.7;SAO JOSE DOS CAMPOS;Não guardar distância de segurança;Colisão traseira;Com Vítimas Feridas;Pleno dia;Decrescente;Ceu Claro;Dupla;Reta;Urbano;2;2
1281340;2013-03-28;Quinta;14:35:00;SP;116;144.0;SAO JOSE DOS CAMPOS;Falta de atenção;Colisão traseira;Sem Vítimas;Pleno dia;Decrescente;Ceu Claro;Dupla;Reta;Urbano;2;2
1281346;2013-04-11;Quinta;05:10:00;SP;116;155.2;SAO JOSE DOS CAMPOS;Outras;Danos Eventuais;Sem Vítimas;Plena noite;Decrescente;Ceu Claro;Múltipla;Reta;Urbano;2;2
1281377;2013-04-08;Segunda;05:50:00;SP;116;223.0;GUARULHOS;Não guardar distância de segurança;Colisão traseira;Com Vítimas Feridas;Amanhecer;Crescente;Nublado;Múltipla;Reta;Urbano;4;3
1281523;2013-04-10;Quarta;02:30:00;SP;116;222.0;GUARULHOS;Falta de atenção;Colisão traseira;Com Vítimas Feridas;Plena noite;Crescente;Ceu Claro;Múltipla;Reta;Urbano;4;2
1281596;2013-04-11;Quinta;08:30:00;SP;116;115.6;TAUBATE;Outras;Colisão traseira;Sem Vítimas;Pleno dia;Crescente;Nublado;Múltipla;Reta;Urbano;2;2
1281652;2013-04-10;Quarta;07:00:00;SP;116;144.2;SAO JOSE DOS CAMPOS;Falta de atenção;Colisão lateral;Sem Vítimas;Pleno dia;Crescente;Ceu Claro;Múltipla;Reta;Rural;3;3
1281654;2013-04-11;Quinta;07:56:00;SP;116;146.0;SAO JOSE DOS CAMPOS;Outras;Colisão traseira;Sem Vítimas;Pleno dia;Crescente;Ceu Claro;Múltipla;Reta;Rural;2;2
1281659;2013-04-11;Quinta;13:15:00;SP;116;157.7;SAO JOSE DOS CAMPOS;Não guardar distância de segurança;Colisão traseira;Sem Vítimas;Pleno dia;Crescente;Ceu Claro;Múltipla;Reta;Rural;3;3
1281705;2013-04-09;Terça;07:03:00;SP;116;182.0;SANTA ISABEL;Defeito mecânico em veículo;Colisão traseira;Sem Vítimas;Pleno dia;Decrescente;Sol;Dupla;Reta;Rural;2;2
1281716;2013-04-05;Sexta;08:00:00;SP;116;187.2;SANTA ISABEL;Outras;Saída de Pista;Sem Vítimas;Pleno dia;Decrescente;Chuva;Simples;Curva;Rural;1;1
1281730;2013-04-10;Quarta;02:50:00;SP;116;172.1;JACAREI;Não guardar distância de segurança;Colisão traseira;Com Vítimas Feridas;Plena noite;Crescente;Ceu Claro;Dupla;Curva;Rural;2;2
1281744;2013-04-12;Sexta;05:35:00;SP;116;213.0;GUARULHOS;Não guardar distância de segurança;Colisão traseira;Sem Vítimas;Amanhecer;Crescente;Ceu Claro;Múltipla;Reta;Urbano;5;5
1281763;2013-04-08;Segunda;20:25:00;SP;116;131.0;CACAPAVA;Falta de atenção;Capotamento;Sem Vítimas;Plena noite;Crescente;Ceu Claro;Dupla;Reta;Urbano;2;2
1281774;2013-04-12;Sexta;09:10:00;SP;116;143.4;SAO JOSE DOS CAMPOS;Não guardar distância de segurança;Colisão traseira;Sem Vítimas;Amanhecer;Crescente;Ceu Claro;Simples;Reta;Rural;3;3
1281840;2013-04-12;Sexta;09:15:00;SP;116;141.0;SAO JOSE DOS CAMPOS;Não guardar distância de segurança;Colisão traseira;Sem Vítimas;Pleno dia;Crescente;Nublado;Dupla;Reta;Rural;5;5
1281947;2013-04-09;Terça;17:10:00;SP;116;148.0;SAO JOSE DOS CAMPOS;Falta de atenção;Colisão traseira;Com Vítimas Feridas;Pleno dia;Decrescente;Ceu Claro;Dupla;Reta;Urbano;2;2
1281966;2013-04-11;Quinta;07:40:00;SP;116;219.0;GUARULHOS;Outras;Colisão lateral;Com Vítimas Feridas;Pleno dia;Crescente;Sol;Múltipla;Reta;Urbano;2;2
1281994;2013-04-12;Sexta;17:30:00;SP;116;108.0;TAUBATE;Não guardar distância de segurança;Colisão traseira;Sem Vítimas;Pleno dia;Crescente;Nublado;Dupla;Reta;Urbano;2;2
1281998;2013-04-12;Sexta;14:00:00;SP;116;165.0;JACAREI;Falta de atenção;Colisão traseira;Sem Vítimas;Pleno dia;Decrescente;Ceu Claro;Dupla;Reta;Rural;4;4
1282002;2013-04-12;Sexta;17:50:00;SP;116;220.0;GUARULHOS;Falta de atenção;Colisão lateral;Sem Vítimas;Anoitecer;Crescente;Nublado;Múltipla;Reta;Urbano;2;2
1282082;2013-04-08;Segunda;11:00:00;SP;116;228.0;SAO PAULO;Falta de atenção;Colisão traseira;Sem Vítimas;Pleno dia;Crescente;Chuva;Múltipla;Reta;Urbano;2;2
1282105;2013-04-12;Sexta;17:40:00;SP;116;115.8;TAUBATE;Velocidade incompatível;Colisão traseira;Sem Vítimas;Pleno dia;Decrescente;Ceu Claro;Dupla;Reta;Rural;2;2
1282109;2013-04-09;Terça;07:00:00;SP;116;222.0;GUARULHOS;Falta de atenção;Colisão traseira;Sem Vítimas;Pleno dia;Crescente;Nublado;Múltipla;Reta;Urbano;2;2
1282208;2013-04-12;Sexta;20:00:00;SP;116;223.0;GUARULHOS;Ingestão de álcool;Queda de motocicleta / bicicleta / veículo;Com Vítimas Feridas;Plena noite;Crescente;Nublado;Múltipla;Reta;Urbano;1;1
1282268;2013-04-10;Quarta;04:39:00;SP;116;166.3;JACAREI;Animais na Pista;Atropelamento de animal;Sem Vítimas;Plena noite;Crescente;Ceu Claro;Dupla;Reta;Urbano;1;1
1282482;2013-04-12;Sexta;07:00:00;SP;116;223.0;GUARULHOS;Outras;Colisão lateral;Com Vítimas Feridas;Pleno dia;Decrescente;Sol;Múltipla;Reta;Urbano;3;3
1282497;2013-04-13;Sábado;05:00:00;SP;116;223.0;GUARULHOS;Falta de atenção;Colisão traseira;Com Vítimas Feridas;Amanhecer;Crescente;Nublado;Múltipla;Reta;Urbano;2;2
1282500;2013-04-10;Quarta;19:20:00;SP;116;215.0;GUARULHOS;Falta de atenção;Colisão traseira;Sem Vítimas;Plena noite;Crescente;Ceu Claro;Múltipla;Reta;Urbano;3;3
1282514;2013-04-14;Domingo;11:00:00;SP;116;139.0;SAO JOSE DOS CAMPOS;Falta de atenção;Colisão com objeto fixo;Sem Vítimas;Pleno dia;Decrescente;Nublado;Dupla;Reta;Urbano;1;1
1282522;2013-04-03;Quarta;12:00:00;SP;116;219.0;GUARULHOS;Outras;Colisão lateral;Sem Vítimas;Pleno dia;Decrescente;Ceu Claro;Múltipla;Reta;Urbano;2;2
1282527;2013-04-13;Sábado;05:10:00;SP;116;225.0;GUARULHOS;Falta de atenção;Colisão traseira;Com Vítimas Feridas;Amanhecer;Crescente;Chuva;Múltipla;Reta;Urbano;9;9
1282566;2013-04-13;Sábado;09:40:00;SP;116;211.0;GUARULHOS;Não guardar distância de segurança;Capotamento;Sem Vítimas;Pleno dia;Crescente;Chuva;Múltipla;Reta;Urbano;2;2
1282679;2013-04-13;Sábado;02:20:00;SP;116;209.0;GUARULHOS;Ingestão de álcool;Colisão traseira;Com Vítimas Feridas;Plena noite;Crescente;Chuva;Dupla;Reta;Urbano;3;2
1282700;2013-04-12;Sexta;06:00:00;SP;116;210.0;GUARULHOS;Outras;Colisão traseira;Sem Vítimas;Amanhecer;Crescente;Ceu Claro;Múltipla;Reta;Urbano;2;2
1282730;2013-04-02;Terça;17:20:00;SP;116;208.3;GUARULHOS;Outras;Colisão lateral;Sem Vítimas;Pleno dia;Decrescente;Nublado;Simples;Reta;Urbano;2;2
1282740;2013-04-14;Domingo;17:00:00;SP;116;225.0;GUARULHOS;Outras;Colisão traseira;Com Vítimas Feridas;Pleno dia;Decrescente;Nublado;Múltipla;Reta;Urbano;4;3
1282790;2013-04-14;Domingo;15:00:00;SP;116;113.4;TAUBATE;Outras;Capotamento;Com Vítimas Feridas;Pleno dia;Decrescente;Ceu Claro;Dupla;Reta;Urbano;2;1
1282802;2013-04-14;Domingo;19:20:00;SP;116;112.5;TAUBATE;Outras;Colisão traseira;Sem Vítimas;Plena noite;Decrescente;Ceu Claro;Dupla;Reta;Urbano;2;2
1282879;2013-04-14;Domingo;17:40:00;SP;116;132.0;CACAPAVA;Outras;Colisão traseira;Sem Vítimas;Anoitecer;Crescente;Nublado;Dupla;Reta;Urbano;3;3
1282898;2013-04-14;Domingo;17:12:00;SP;116;131.0;CACAPAVA;Outras;Atropelamento de pessoa;Com Vítimas Fatais;Anoitecer;Decrescente;Nublado;Dupla;Reta;Urbano;2;1
1282929;2013-04-11;Quinta;07:45:00;SP;116;138.9;SAO JOSE DOS CAMPOS;Não guardar distância de segurança;Colisão traseira;Sem Vítimas;Pleno dia;Decrescente;Ceu Claro;Dupla;Reta;Urbano;2;2
1282959;2013-04-12;Sexta;14:10:00;SP;116;219.0;GUARULHOS;Não guardar distância de segurança;Colisão lateral;Com Vítimas Feridas;Pleno dia;Decrescente;Sol;Simples;Reta;Urbano;3;2
1282964;2013-04-09;Terça;19:00:00;SP;116;126.0;CACAPAVA;Falta de atenção;Colisão traseira;Sem Vítimas;Plena noite;Decrescente;Ceu Claro;Dupla;Reta;Urbano;3;3
1282981;2013-04-13;Sábado;06:30:00;SP;116;132.9;CACAPAVA;Falta de atenção;Tombamento;Com Vítimas Feridas;Pleno dia;Crescente;Chuva;Dupla;Reta;Rural;1;1
1283019;2013-04-13;Sábado;15:00:00;SP;116;187.1;SANTA ISABEL;Outras;Saída de Pista;Sem Vítimas;Pleno dia;Decrescente;Chuva;Dupla;Curva;Urbano;1;1
1283021;2013-04-10;Quarta;05:00:00;SP;116;144.5;SAO JOSE DOS CAMPOS;Outras;Colisão traseira;Sem Vítimas;Plena noite;Decrescente;Nublado;Dupla;Reta;Urbano;2;2
1283025;2013-04-11;Quinta;02:00:00;SP;116;200.0;ARUJA;Falta de atenção;Colisão traseira;Sem Vítimas;Plena noite;Crescente;Nublado;Múltipla;Reta;Urbano;2;2
1283055;2013-04-01;Segunda;08:00:00;SP;116;152.0;SAO JOSE DOS CAMPOS;Falta de atenção;Colisão lateral;Sem Vítimas;Pleno dia;Crescente;Nublado;Simples;Reta;Urbano;2;2
1283057;2013-04-12;Sexta;06:00:00;SP;116;210.0;GUARULHOS;Não guardar distância de segurança;Colisão lateral;Com Vítimas Feridas;Amanhecer;Crescente;Sol;Dupla;Reta;Urbano;2;2
1283060;2013-04-15;Segunda;10:30:00;SP;116;214.5;GUARULHOS;Não guardar distância de segurança;Colisão lateral;Com Vítimas Feridas;Pleno dia;Crescente;Ceu Claro;Múltipla;Reta;Urbano;2;2
1283070;2013-04-13;Sábado;17:00:00;SP;116;211.0;GUARULHOS;Não guardar distância de segurança;Colisão traseira;Sem Vítimas;Pleno dia;Decrescente;Chuva;Múltipla;Reta;Urbano;2;2
1283082;2013-04-11;Quinta;19:00:00;SP;116;143.1;SAO JOSE DOS CAMPOS;Outras;Colisão lateral;Com Vítimas Feridas;Plena noite;Crescente;Ceu Claro;Dupla;Reta;Urbano;2;2
1283090;2013-04-11;Quinta;07:55:00;SP;116;146.0;SAO JOSE DOS CAMPOS;Não guardar distância de segurança;Colisão traseira;Sem Vítimas;Pleno dia;Crescente;Ceu Claro;Simples;Reta;Urbano;3;3
1283100;2013-04-15;Segunda;15:00:00;SP;116;213.0;GUARULHOS;Falta de atenção;Colisão com objeto fixo;Sem Vítimas;Plena noite;Decrescente;Nublado;Múltipla;Reta;Urbano;1;1
1283104;2013-04-10;Quarta;12:00:00;SP;116;225.0;GUARULHOS;Falta de atenção;Colisão com objeto fixo;Sem Vítimas;Pleno dia;Crescente;Nublado;Dupla;Reta;Urbano;1;1
1283115;2013-04-15;Segunda;10:50:00;SP;116;223.9;GUARULHOS;Desobediência à sinalização;Colisão lateral;Sem Vítimas;Pleno dia;Crescente;Ceu Claro;Múltipla;Reta;Urbano;2;2
1283132;2013-04-11;Quinta;22:00:00;SP;116;136.0;SAO JOSE DOS CAMPOS;Falta de atenção;Colisão lateral;Sem Vítimas;Plena noite;Crescente;Nublado;Dupla;Reta;Urbano;2;2
1283318;2013-04-14;Domingo;17:30:00;SP;116;211.7;GUARULHOS;Falta de atenção;Colisão traseira;Sem Vítimas;Pleno dia;Crescente;Nublado;Múltipla;Reta;Urbano;2;2
1283334;2013-04-15;Segunda;19:50:00;SP;116;151.0;SAO JOSE DOS CAMPOS;Outras;Queda de motocicleta / bicicleta / veículo;Com Vítimas Feridas;Plena noite;Crescente;Ceu Claro;Dupla;Reta;Urbano;1;1
1283335;2013-04-15;Segunda;20:01:00;SP;116;228.0;SAO PAULO;Outras;Colisão traseira;Sem Vítimas;Plena noite;Decrescente;Ceu Claro;Múltipla;Reta;Urbano;2;2
1283344;2013-04-15;Segunda;20:00:00;SP;116;151.2;SAO JOSE DOS CAMPOS;Outras;Queda de motocicleta / bicicleta / veículo;Com Vítimas Feridas;Plena noite;Crescente;Ceu Claro;Dupla;Reta;Urbano;2;1
1283346;2013-04-12;Sexta;08:20:00;SP;116;145.5;SAO JOSE DOS CAMPOS;Não guardar distância de segurança;Colisão traseira;Sem Vítimas;Pleno dia;Decrescente;Ceu Claro;Dupla;Reta;Urbano;5;5
1283347;2013-04-12;Sexta;03:40:00;SP;116;173.0;JACAREI;Outras;Colisão com objeto fixo;Sem Vítimas;Plena noite;Crescente;Ceu Claro;Dupla;Reta;Urbano;1;1
1283353;2013-04-15;Segunda;20:00:00;SP;116;159.0;JACAREI;Falta de atenção;Colisão lateral;Sem Vítimas;Plena noite;Crescente;Ceu Claro;Dupla;Reta;Urbano;2;2
1283367;2013-04-15;Segunda;18:50:00;SP;116;155.0;SAO JOSE DOS CAMPOS;Falta de atenção;Colisão lateral;Sem Vítimas;Plena noite;Crescente;Ceu Claro;Dupla;Reta;Urbano;2;2