id;data_inversa;dia_semana;horario;uf;br;km;municipio;causa_acidente;tipo_acidente;classificacao_acidente;fase_dia;sentido_via;condicao_metereologica;tipo_pista;tracado_via;uso_solo;pessoas;veiculos
1283369;2013-04-12;Sexta;06:00:00;SP;116;162.0;JACAREI;Não guardar distância de segurança;Colisão traseira;Sem Vítimas;Amanhecer;Decrescente;Ceu Claro;Dupla;Reta;Urbano;2;2
1283378;2013-04-10;Quarta;13:00:00;SP;116;144.0;SAO JOSE DOS CAMPOS;Falta de atenção;Colisão traseira;Sem Vítimas;Pleno dia;Crescente;Ceu Claro;Dupla;Reta;Urbano;2;2
1283523;2013-04-12;Sexta;09:00:00;SP;116;143.4;SAO JOSE DOS CAMPOS;Não guardar distância de segurança;Colisão traseira;Sem Vítimas;Pleno dia;Crescente;Sol;Dupla;Reta;Urbano;2;2
1283569;2013-04-13;Sábado;06:50:00;SP;116;132.4;CACAPAVA;Falta de atenção;Saída de Pista;Sem Vítimas;Amanhecer;Crescente;Chuva;Simples;Reta;Rural;1;1
1283573;2013-04-10;Quarta;13:00:00;SP;116;158.0;SAO JOSE DOS CAMPOS;Outras;Derramamento de Carga;Sem Vítimas;Pleno dia;Crescente;Sol;Dupla;Reta;Urbano;1;1
1283591;2013-04-11;Quinta;06:00:00;SP;116;152.0;SAO JOSE DOS CAMPOS;Outras;Colisão com objeto fixo;Sem Vítimas;Pleno dia;Decrescente;Nublado;Dupla;Reta;Urbano;2;2
1283615;2013-04-10;Quarta;19:20:00;SP;116;217.0;GUARULHOS;Outras;Colisão traseira;Sem Vítimas;Plena noite;Crescente;Ceu Claro;Múltipla;Reta;Urbano;2;2
1283621;2013-04-16;Terça;10:20:00;SP;116;224.0;GUARULHOS;Não guardar distância de segurança;Colisão traseira;Sem Vítimas;Pleno dia;Crescente;Ceu Claro;Múltipla;Reta;Urbano;2;2
1283666;2013-04-11;Quinta;04:00:00;SP;116;192.0;SANTA ISABEL;Outras;Colisão traseira;Sem Vítimas;Plena noite;Crescente;Nublado;Simples;Reta;Rural;2;2
1283672;2013-04-12;Sexta;15:45:00;SP;116;173.0;GUARAREMA;Falta de atenção;Colisão frontal;Sem Vítimas;Pleno dia;Crescente;Sol;Simples;Curva;Rural;2;2
1283710;2013-04-13;Sábado;01:20:00;SP;116;169.0;JACAREI;Falta de atenção;Colisão lateral;Sem Vítimas;Plena noite;Crescente;Ceu Claro;Dupla;Reta;Rural;2;2
1283777;2013-04-13;Sábado;04:40:00;SP;116;191.0;SANTA ISABEL;Ingestão de álcool;Colisão lateral;Sem Vítimas;Plena noite;Crescente;Chuva;Dupla;Reta;Rural;2;2
1283786;2013-04-10;Quarta;07:15:00;SP;116;211.0;GUARULHOS;Falta de atenção;Atropelamento de pessoa;Com Vítimas Feridas;Pleno dia;Crescente;Ceu Claro;Múltipla;Reta;Urbano;2;1
1283787;2013-04-06;Sábado;23:00:00;SP;116;204.0;ARUJA;Falta de atenção;Colisão com objeto fixo;Com Vítimas Feridas;Plena noite;Decrescente;Nublado;Dupla;Reta;Urbano;1;1
1283797;2013-04-11;Quinta;07:00:00;SP;116;216.0;GUARULHOS;Falta de atenção;Colisão traseira;Sem Vítimas;Pleno dia;Crescente;Nublado;Múltipla;Reta;Urbano;2;2
1283814;2013-04-13;Sábado;04:20:00;SP;116;213.0;GUARULHOS;Outras;Saída de Pista;Com Vítimas Feridas;Plena noite;Crescente;Chuva;Múltipla;Cruzamento;Urbano;2;1
1283858;2013-04-13;Sábado;20:55:00;SP;116;149.5;SAO JOSE DOS CAMPOS;Defeito mecânico em veículo;Colisão traseira;Sem Vítimas;Plena noite;Decrescente;Chuva;Dupla;Reta;Urbano;7;5
1283893;2013-04-15;Segunda;19:30:00;SP;116;218.0;GUARULHOS;Outras;Incêndio;Sem Vítimas;Plena noite;Crescente;Ceu Claro;Múltipla;Reta;Urbano;1;1
1283926;2013-04-17;Quarta;07:40:00;SP;116;144.2;SAO JOSE DOS CAMPOS;Outras;Colisão traseira;Com Vítimas Feridas;Pleno dia;Crescente;Ceu Claro;Dupla;Reta;Urbano;2;2
1283939;2013-04-13;Sábado;16:00:00;SP;116;170.8;JACAREI;Outras;Capotamento;Com Vítimas Feridas;Pleno dia;Decrescente;Chuva;Dupla;Curva;Rural;1;1
1283962;2013-04-17;Quarta;05:35:00;SP;116;211.7;GUARULHOS;Não guardar distância de segurança;Colisão traseira;Com Vítimas Feridas;Amanhecer;Crescente;Ceu Claro;Múltipla;Reta;Urbano;2;2
1284109;2013-04-13;Sábado;11:00:00;SP;116;161.5;JACAREI;Não guardar distância de segurança;Colisão traseira;Sem Vítimas;Pleno dia;Decrescente;Chuva;Dupla;Reta;Urbano;2;2
1284110;2013-04-13;Sábado;18:00:00;SP;116;126.0;CACAPAVA;Outras;Colisão lateral;Com Vítimas Feridas;Anoitecer;Decrescente;Chuva;Dupla;Reta;Urbano;3;2
1284111;2013-04-14;Domingo;01:20:00;SP;116;147.5;SAO JOSE DOS CAMPOS;Falta de atenção;Colisão com objeto fixo;Sem Vítimas;Plena noite;Crescente;Chuva;Múltipla;Reta;Urbano;1;1
1284130;2013-04-13;Sábado;16:45:00;SP;116;145.0;SAO JOSE DOS CAMPOS;Outras;Colisão lateral;Sem Vítimas;Pleno dia;Decrescente;Chuva;Dupla;Reta;Urbano;2;2
1284141;2013-04-12;Sexta;04:40:00;SP;116;212.0;GUARULHOS;Outras;Colisão com objeto fixo;Sem Vítimas;Plena noite;Decrescente;Ceu Claro;Múltipla;Reta;Urbano;3;1
1284173;2013-04-13;Sábado;11:45:00;SP;116;134.5;SAO JOSE DOS CAMPOS;Não guardar distância de segurança;Colisão traseira;Sem Vítimas;Pleno dia;Decrescente;Sol;Dupla;Reta;Rural;3;3
1284220;2013-04-17;Quarta;07:47:00;SP;116;144.3;SAO JOSE DOS CAMPOS;Falta de atenção;Colisão traseira;Com Vítimas Feridas;Pleno dia;Crescente;Ceu Claro;Múltipla;Reta;Rural;2;2
1284240;2013-04-09;Terça;12:30:00;SP;116;214.0;GUARULHOS;Outras;Colisão com objeto móvel;Sem Vítimas;Pleno dia;Decrescente;Ceu Claro;Múltipla;Reta;Urbano;2;2
1284263;2013-04-13;Sábado;20:00:00;SP;116;126.0;CACAPAVA;Ingestão de álcool;Colisão traseira;Com Vítimas Feridas;Plena noite;Decrescente;Chuva;Dupla;Reta;Urbano;6;3
1284447;2013-04-17;Quarta;22:30:00;SP;116;154.1;SAO JOSE DOS CAMPOS;Outras;Colisão traseira;Com Vítimas Feridas;Plena noite;Decrescente;Ceu Claro;Múltipla;Reta;Urbano;2;2
1284538;2013-03-29;Sexta;00:30:00;SP;116;228.0;SAO PAULO;Outras;Colisão com objeto fixo;Sem Vítimas;Plena noite;Crescente;Chuva;Múltipla;Reta;Urbano;2;2
1284552;2013-04-18;Quinta;06:00:00;SP;116;228.0;SAO PAULO;Falta de atenção;Colisão com objeto móvel;Sem Vítimas;Pleno dia;Crescente;Ceu Claro;Múltipla;Reta;Urbano;3;3
1284567;2013-04-09;Terça;19:50:00;SP;116;210.0;GUARULHOS;Falta de atenção;Atropelamento de pessoa;Com Vítimas Fatais;Plena noite;Decrescente;Ceu Claro;Múltipla;Reta;Urbano;2;1
1284619;2013-04-17;Quarta;12:45:00;SP;116;154.0;SAO JOSE DOS CAMPOS;Outras;Colisão lateral;Sem Vítimas;Pleno dia;Crescente;Sol;Múltipla;Reta;Urbano;2;2
1284667;2013-04-16;Terça;21:30:00;SP;116;227.0;GUARULHOS;Falta de atenção;Colisão traseira;Com Vítimas Feridas;Plena noite;Decrescente;Ceu Claro;Dupla;Reta;Urbano;4;2
1284762;2013-04-12;Sexta;12:20:00;SP;116;146.0;SAO JOSE DOS CAMPOS;Falta de atenção;Colisão traseira;Com Vítimas Feridas;Pleno dia;Crescente;Ceu Claro;Múltipla;Reta;Rural;3;2
1284777;2013-04-18;Quinta;10:24:00;SP;116;133.8;SAO JOSE DOS CAMPOS;Falta de atenção;Colisão lateral;Sem Vítimas;Pleno dia;Crescente;Ceu Claro;Dupla;Reta;Rural;2;2
1284789;2013-04-12;Sexta;18:30:00;SP;116;157.8;SAO JOSE DOS CAMPOS;Falta de atenção;Colisão traseira;Com Vítimas Feridas;Anoitecer;Crescente;Ceu Claro;Múltipla;Reta;Rural;2;2
1284816;2013-04-18;Quinta;08:00:00;SP;116;141.7;SAO JOSE DOS CAMPOS;Não guardar distância de segurança;Colisão traseira;Sem Vítimas;Plena noite;Crescente;Ceu Claro;Dupla;Reta;Urbano;2;2
1284839;2013-04-15;Segunda;10:45:00;SP;116;211.0;GUARULHOS;Não guardar distância de segurança;Colisão com objeto fixo;Sem Vítimas;Pleno dia;Decrescente;Ceu Claro;Múltipla;Reta;Urbano;1;1
1284854;2013-04-06;Sábado;11:00:00;SP;116;188.0;SANTA ISABEL;Falta de atenção;Tombamento;Sem Vítimas;Pleno dia;Decrescente;Nublado;Dupla;Curva;Rural;1;1
1284882;2013-04-15;Segunda;19:20:00;SP;116;219.0;GUARULHOS;Não guardar distância de segurança;Colisão traseira;Com Vítimas Feridas;Plena noite;Crescente;Nublado;Múltipla;Reta;Urbano;4;3
1284899;2013-04-18;Quinta;18:30:00;SP;116;227.0;GUARULHOS;Falta de atenção;Colisão lateral;Sem Vítimas;Anoitecer;Decrescente;Ceu Claro;Múltipla;Curva;Urbano;2;2
1284961;2013-04-13;Sábado;11:15:00;SP;116;202.0;ARUJA;Não guardar distância de segurança;Colisão lateral;Sem Vítimas;Pleno dia;Crescente;Ceu Claro;Dupla;Reta;Urbano;3;3
1284985;2013-04-16;Terça;17:20:00;SP;116;220.0;GUARULHOS;Velocidade incompatível;Colisão traseira;Com Vítimas Feridas;Pleno dia;Decrescente;Ceu Claro;Múltipla;Reta;Urbano;2;2
1285039;2013-04-14;Domingo;16:10:00;SP;116;188.8;SANTA ISABEL;Não guardar distância de segurança;Colisão traseira;Sem Vítimas;Pleno dia;Crescente;Nublado;Dupla;Reta;Rural;2;2
1285100;2013-04-07;Domingo;06:50:00;SP;116;182.0;GUARAREMA;Falta de atenção;Colisão traseira;Sem Vítimas;Amanhecer;Decrescente;Nublado;Dupla;Reta;Rural;3;3
1285138;2013-04-15;Segunda;17:30:00;SP;116;121.4;CACAPAVA;Falta de atenção;Colisão traseira;Com Vítimas Feridas;Pleno dia;Decrescente;Ceu Claro;Dupla;Reta;Urbano;2;2
1285163;2013-04-15;Segunda;18:45:00;SP;116;125.1;CACAPAVA;Outras;Colisão traseira;Sem Vítimas;Anoitecer;Decrescente;Ceu Claro;Dupla;Reta;Urbano;4;4
1285193;2013-04-18;Quinta;04:35:00;SP;116;215.0;GUARULHOS;Outras;Colisão com objeto móvel;Sem Vítimas;Plena noite;Crescente;Ceu Claro;Múltipla;Reta;Urbano;1;1
1285194;2013-04-15;Segunda;17:15:00;SP;116;120.4;CACAPAVA;Não guardar distância de segurança;Colisão traseira;Sem Vítimas;Pleno dia;Decrescente;Ceu Claro;Dupla;Reta;Rural;4;4
1285333;2013-04-17;Quarta;23:55:00;SP;116;223.0;GUARULHOS;Outras;Tombamento;Sem Vítimas;Plena noite;Decrescente;Ceu Claro;Múltipla;Reta;Urbano;1;1
1285362;2013-04-17;Quarta;06:45:00;SP;116;159.0;JACAREI;Outras;Colisão traseira;Sem Vítimas;Amanhecer;Crescente;Ceu Claro;Dupla;Reta;Rural;2;2
1285452;2013-04-19;Sexta;11:00:00;SP;116;211.0;GUARULHOS;Falta de atenção;Colisão traseira;Sem Vítimas;Pleno dia;Crescente;Ceu Claro;Dupla;Reta;Urbano;2;2
1285482;2013-04-19;Sexta;17:00:00;SP;116;219.0;GUARULHOS;Não guardar distância de segurança;Colisão lateral;Com Vítimas Feridas;Anoitecer;Crescente;Ceu Claro;Múltipla;Reta;Urbano;2;2
1285739;2013-04-15;Segunda;06:10:00;SP;116;229.0;SAO PAULO;Falta de atenção;Colisão traseira;Sem Vítimas;Pleno dia;Crescente;Nublado;Simples;Reta;Urbano;8;8
1285749;2013-04-19;Sexta;21:40:00;SP;116;186.0;SANTA ISABEL;Outras;Colisão lateral;Sem Vítimas;Plena noite;Crescente;Ceu Claro;Dupla;Reta;Rural;2;2
1285804;2013-04-16;Terça;17:50:00;SP;116;146.0;SAO JOSE DOS CAMPOS;Falta de atenção;Colisão traseira;Sem Vítimas;Plena noite;Decrescente;Ceu Claro;Dupla;Reta;Rural;2;2
1285809;2013-04-16;Terça;18:15:00;SP;116;132.7;CACAPAVA;Outras;Colisão com objeto fixo;Sem Vítimas;Plena noite;Crescente;Ceu Claro;Dupla;Reta;Urbano;1;1
1285824;2013-04-17;Quarta;07:20:00;SP;116;219.0;GUARULHOS;Falta de atenção;Colisão traseira;Com Vítimas Feridas;Pleno dia;Crescente;Ceu Claro;Múltipla;Reta;Urbano;2;2
1285833;2013-04-19;Sexta;18:20:00;SP;116;224.0;GUARULHOS;Falta de atenção;Colisão traseira;Sem Vítimas;Anoitecer;Decrescente;Nublado;Múltipla;Reta;Urbano;2;2
1285849;2013-04-20;Sábado;03:00:00;SP;116;219.0;GUARULHOS;Defeito mecânico em veículo;Colisão traseira;Sem Vítimas;Plena noite;Decrescente;Ceu Claro;Múltipla;Reta;Urbano;2;2
1285885;2013-04-18;Quinta;07:30:00;SP;116;220.0;GUARULHOS;Não guardar distância de segurança;Colisão traseira;Com Vítimas Feridas;Pleno dia;Crescente;Ceu Claro;Múltipla;Reta;Urbano;6;5
1285888;2013-04-17;Quarta;09:50:00;SP;116;211.0;GUARULHOS;Não guardar distância de segurança;Colisão traseira;Sem Vítimas;Pleno dia;Crescente;Ceu Claro;Múltipla;Reta;Urbano;3;3
1286080;2013-04-13;Sábado;06:00:00;SP;116;144.0;SAO JOSE DOS CAMPOS;Falta de atenção;Colisão traseira;Sem Vítimas;Amanhecer;Decrescente;Chuva;Dupla;Reta;Urbano;5;5
1286081;2013-04-19;Sexta;17:00:00;SP;116;222.7;GUARULHOS;Falta de atenção;Colisão traseira;Sem Vítimas;Pleno dia;Crescente;Nublado;Múltipla;Reta;Urbano;2;2
1286102;2013-04-16;Terça;10:00:00;SP;116;223.0;GUARULHOS;Falta de atenção;Colisão traseira;Sem Vítimas;Pleno dia;Crescente;Sol;Múltipla;Reta;Urbano;2;2
1286132;2013-04-13;Sábado;14:20:00;SP;116;223.0;GUARULHOS;Falta de atenção;Colisão traseira;Com Vítimas Feridas;Pleno dia;Crescente;Chuva;Múltipla;Reta;Urbano;2;2
1286139;2013-04-20;Sábado;19:50:00;SP;116;206.0;GUARULHOS;Não guardar distância de segurança;Colisão traseira;Sem Vítimas;Plena noite;Crescente;Ceu Claro;Dupla;Reta;Urbano;2;2
1286147;2013-04-20;Sábado;12:00:00;SP;116;158.4;JACAREI;Falta de atenção;Colisão traseira;Com Vítimas Feridas;Pleno dia;Crescente;Ceu Claro;Dupla;Reta;Urbano;4;2
1286158;2013-04-19;Sexta;22:30:00;SP;116;216.0;GUARULHOS;Falta de atenção;Colisão com objeto fixo;Sem Vítimas;Plena noite;Decrescente;Ceu Claro;Múltipla;Reta;Urbano;1;1
1286176;2013-04-16;Terça;19:30:00;SP;116;229.0;SAO PAULO;Falta de atenção;Colisão lateral;Sem Vítimas;Plena noite;Decrescente;Ignorada;Múltipla;Reta;Urbano;2;2
1286207;2013-04-17;Quarta;06:15:00;SP;116;147.6;SAO JOSE DOS CAMPOS;Outras;Tombamento;Com Vítimas Feridas;Pleno dia;Crescente;Sol;Dupla;Reta;Urbano;2;1
1286283;2013-04-20;Sábado;17:10:00;SP;116;118.1;TAUBATE;Falta de atenção;Colisão traseira;Sem Vítimas;Pleno dia;Crescente;Ceu Claro;Dupla;Reta;Rural;2;2
1286298;2013-04-21;Domingo;01:30:00;SP;116;212.0;GUARULHOS;Velocidade incompatível;Saída de Pista;Sem Vítimas;Plena noite;Crescente;Ceu Claro;Múltipla;Reta;Urbano;1;1
1286310;2013-04-21;Domingo;00:00:00;SP;116;227.0;SAO PAULO;Ingestão de álcool;Colisão com objeto fixo;Sem Vítimas;Plena noite;Decrescente;Ceu Claro;Múltipla;Reta;Urbano;1;1
1286341;2013-04-18;Quinta;05:25:00;SP;116;161.0;JACAREI;Falta de atenção;Colisão lateral;Sem Vítimas;Amanhecer;Decrescente;Nublado;Múltipla;Reta;Urbano;2;2
1286343;2013-04-13;Sábado;14:20:00;SP;116;99.0;PINDAMONHANGABA;Outras;Colisão com objeto móvel;Sem Vítimas;Pleno dia;Decrescente;Sol;Dupla;Reta;Urbano;2;2
1286378;2013-04-13;Sábado;10:20:00;SP;116;202.6;ARUJA;Outras;Colisão com objeto fixo;Sem Vítimas;Pleno dia;Crescente;Chuva;Dupla;Reta;Urbano;1;1
1286417;2013-04-17;Quarta;20:00:00;SP;116;182.5;SANTA ISABEL;Falta de atenção;Colisão com objeto fixo;Sem Vítimas;Plena noite;Decrescente;Ceu Claro;Simples;Reta;Rural;1;1
1286422;2013-04-13;Sábado;20:10:00;SP;116;126.4;CACAPAVA;Outras;Colisão traseira;Sem Vítimas;Plena noite;Decrescente;Chuva;Dupla;Reta;Rural;2;2
1286466;2013-04-17;Quarta;08:00:00;SP;116;142.2;SAO JOSE DOS CAMPOS;Outras;Atropelamento de pessoa;Com Vítimas Feridas;Pleno dia;Crescente;Ceu Claro;Dupla;Reta;Rural;2;1
1286471;2013-04-17;Quarta;20:00:00;SP;116;224.0;GUARULHOS;Outras;Atropelamento de pessoa;Com Vítimas Feridas;Plena noite;Decrescente;Ceu Claro;Múltipla;Reta;Urbano;2;1
1286532;2013-04-18;Quinta;18:00:00;SP;116;156.0;SAO JOSE DOS CAMPOS;Falta de atenção;Colisão traseira;Sem Vítimas;Anoitecer;Crescente;Ceu Claro;Múltipla;Reta;Urbano;4;4
1286564;2013-04-21;Domingo;16:00:00;SP;116;156.7;SAO JOSE DOS CAMPOS;Não guardar distância de segurança;Colisão traseira;Com Vítimas Feridas;Pleno dia;Crescente;Ceu Claro;Dupla;Reta;Rural;15;5
1286623;2013-04-21;Domingo;18:30:00;SP;116;149.2;SAO JOSE DOS CAMPOS;Não guardar distância de segurança;Colisão traseira;Sem Vítimas;Plena noite;Crescente;Ceu Claro;Dupla;Reta;Urbano;2;2
1286640;2013-04-18;Quinta;20:00:00;SP;116;144.0;SAO JOSE DOS CAMPOS;Falta de atenção;Colisão traseira;Sem Vítimas;Plena noite;Decrescente;Nublado;Dupla;Reta;Urbano;2;2
1286651;2013-04-19;Sexta;07:00:00;SP;116;155.0;SAO JOSE DOS CAMPOS;Falta de atenção;Colisão lateral;Sem Vítimas;Pleno dia;Crescente;Sol;Dupla;Reta;Urbano;2;2
1286883;2013-04-15;Segunda;18:30:00;SP;116;155.0;SAO JOSE DOS CAMPOS;Não guardar distância de segurança;Colisão traseira;Sem Vítimas;Anoitecer;Crescente;Ceu Claro;Múltipla;Reta;Urbano;2;2
1286918;2013-04-18;Quinta;14:00:00;SP;116;211.0;GUARULHOS;Falta de atenção;Colisão lateral;Sem Vítimas;Pleno dia;Decrescente;Ceu Claro;Múltipla;Reta;Urbano;2;2
1286942;2013-04-19;Sexta;13:00:00;SP;116;104.4;TAUBATE;Outras;Colisão com objeto móvel;Sem Vítimas;Pleno dia;Crescente;Sol;Múltipla;Reta;Urbano;2;2
1286966;2013-04-18;Quinta;21:00:00;SP;116;182.0;SANTA ISABEL;Outras;Colisão com objeto fixo;Sem Vítimas;Plena noite;Crescente;Ceu Claro;Simples;Reta;Rural;1;1
1287003;2013-04-21;Domingo;05:10:00;SP;116;137.0;SAO JOSE DOS CAMPOS;Dormindo;Colisão com objeto fixo;Sem Vítimas;Amanhecer;Crescente;Ceu Claro;Simples;Reta;Rural;1;1
1287005;2013-04-22;Segunda;09:00:00;SP;116;221.0;GUARULHOS;Falta de atenção;Colisão traseira;Sem Vítimas;Pleno dia;Decrescente;Ceu Claro;Múltipla;Reta;Urbano;2;2
1287060;2013-04-20;Sábado;06:50:00;SP;116;216.0;GUARULHOS;Outras;Colisão traseira;Com Vítimas Feridas;Amanhecer;Decrescente;Ceu Claro;Múltipla;Reta;Urbano;2;2
1287078;2013-04-19;Sexta;18:00:00;SP;116;219.0;GUARULHOS;Falta de atenção;Colisão traseira;Sem Vítimas;Plena noite;Crescente;Ceu Claro;Múltipla;Reta;Urbano;3;3
1287135;2013-04-22;Segunda;18:00:00;SP;116;110.0;TAUBATE;Outras;Colisão traseira;Sem Vítimas;Anoitecer;Decrescente;Ceu Claro;Dupla;Reta;Urbano;3;3
1287218;2013-04-20;Sábado;05:00:00;SP;116;157.0;SAO JOSE DOS CAMPOS;Outras;Colisão traseira;Sem Vítimas;Plena noite;Decrescente;Ceu Claro;Múltipla;Reta;Urbano;2;2
1287228;2013-04-22;Segunda;20:40:00;SP;116;217.0;GUARULHOS;Defeito mecânico em veículo;Colisão lateral;Sem Vítimas;Plena noite;Crescente;Ceu Claro;Múltipla;Reta;Urbano;2;2
1287252;2013-04-10;Quarta;10:30:00;SP;116;221.0;GUARULHOS;Falta de atenção;Colisão traseira;Sem Vítimas;Pleno dia;Crescente;Nublado;Simples;Reta;Urbano;3;3
1287281;2013-04-22;Segunda;19:50:00;SP;116;222.0;GUARULHOS;Falta de atenção;Colisão traseira;Sem Vítimas;Plena noite;Crescente;Ceu Claro;Múltipla;Reta;Urbano;2;2
1287282;2013-04-18;Quinta;19:45:00;SP;116;216.0;GUARULHOS;Outras;Colisão traseira;Sem Vítimas;Plena noite;Crescente;Ceu Claro;Múltipla;Reta;Urbano;2;2
1287335;2013-04-21;Domingo;14:55:00;SP;116;165.2;JACAREI;Não guardar distância de segurança;Colisão traseira;Sem Vítimas;Pleno dia;Decrescente;Ceu Claro;Dupla;Reta;Rural;2;2
1287344;2013-04-20;Sábado;07:00:00;SP;116;131.4;CACAPAVA;Falta de atenção;Saída de Pista;Sem Vítimas;Pleno dia;Decrescente;Ceu Claro;Dupla;Reta;Urbano;1;1
1287392;2013-04-20;Sábado;03:00:00;SP;116;127.5;CACAPAVA;Ingestão de álcool;Colisão lateral;Sem Vítimas;Plena noite;Crescente;Ceu Claro;Dupla;Reta;Urbano;2;2
1287521;2013-04-23;Terça;15:20:00;SP;116;145.0;SAO JOSE DOS CAMPOS;Outras;Colisão traseira;Sem Vítimas;Pleno dia;Decrescente;Ceu Claro;Dupla;Reta;Rural;3;3
1287574;2013-01-06;Domingo;21:00:00;SP;116;228.5;SAO PAULO;Falta de atenção;Colisão traseira;Sem Vítimas;Plena noite;Decrescente;Nublado;Múltipla;Reta;Urbano;2;2
1287580;2013-04-19;Sexta;20:00:00;SP;116;223.0;GUARULHOS;Não guardar distância de segurança;Colisão traseira;Com Vítimas Feridas;Plena noite;Decrescente;Nublado;Múltipla;Reta;Urbano;3;3
1287611;2013-04-23;Terça;13:01:00;SP;116;208.0;GUARULHOS;Falta de atenção;Queda de motocicleta / bicicleta / veículo;Com Vítimas Feridas;Pleno dia;Crescente;Ceu Claro;Múltipla;Reta;Urbano;1;1
1287655;2013-04-19;Sexta;19:02:00;SP;116;180.9;GUARAREMA;Outras;Colisão com objeto fixo;Sem Vítimas;Plena noite;Decrescente;Ceu Claro;Dupla;Curva;Urbano;1;1
1287665;2013-04-19;Sexta;19:50:00;SP;116;146.5;SAO JOSE DOS CAMPOS;Não guardar distância de segurança;Colisão traseira;Sem Vítimas;Plena noite;Crescente;Ceu Claro;Dupla;Reta;Urbano;5;5
1287778;2013-04-23;Terça;11:00:00;SP;116;219.0;GUARULHOS;Outras;Colisão traseira;Com Vítimas Feridas;Pleno dia;Crescente;Ceu Claro;Simples;Reta;Urbano;3;3
1287802;2013-04-20;Sábado;07:20:00;SP;116;150.0;SAO JOSE DOS CAMPOS;Velocidade incompatível;Saída de Pista;Sem Vítimas;Pleno dia;Crescente;Ceu Claro;Dupla;Reta;Urbano;1;1
1287894;2013-04-23;Terça;08:50:00;SP;116;220.0;GUARULHOS;Outras;Colisão traseira;Sem Vítimas;Pleno dia;Crescente;Sol;Múltipla;Reta;Urbano;2;2
1287908;2013-04-19;Sexta;16:45:00;SP;116;149.0;SAO JOSE DOS CAMPOS;Outras;Colisão traseira;Sem Vítimas;Pleno dia;Crescente;Ceu Claro;Dupla;Reta;Urbano;2;2
1287912;2013-04-22;Segunda;18:30:00;SP;116;201.0;ARUJA;Outras;Danos Eventuais;Sem Vítimas;Anoitecer;Decrescente;Ceu Claro;Dupla;Reta;Urbano;2;2
1287975;2013-04-22;Segunda;10:30:00;SP;116;211.0;GUARULHOS;Velocidade incompatível;Danos Eventuais;Com Vítimas Feridas;Pleno dia;Crescente;Sol;Múltipla;Reta;Urbano;2;1
1288029;2013-04-22;Segunda;21:30:00;SP;116;212.0;GUARULHOS;Falta de atenção;Colisão lateral;Sem Vítimas;Plena noite;Crescente;Ceu Claro;Múltipla;Reta;Urbano;3;3
1288190;2013-04-20;Sábado;07:45:00;SP;116;211.0;GUARULHOS;Não guardar distância de segurança;Colisão traseira;Sem Vítimas;Pleno dia;Crescente;Sol;Múltipla;Reta;Urbano;2;2
1288203;2013-04-24;Quarta;17:45:00;SP;116;119.2;TAUBATE;Falta de atenção;Colisão traseira;Sem Vítimas;Pleno dia;Decrescente;Nublado;Dupla;Reta;Rural;2;2
1288352;2013-04-17;Quarta;08:25:00;SP;116;144.0;SAO JOSE DOS CAMPOS;Outras;Colisão Transversal;Sem Vítimas;Pleno dia;Crescente;Ceu Claro;Dupla;Reta;Urbano;2;2
1288365;2013-04-09;Terça;18:45:00;SP;116;228.0;SAO PAULO;Falta de atenção;Colisão com objeto móvel;Sem Vítimas;Anoitecer;Crescente;Ceu Claro;Múltipla;Reta;Urbano;3;3
1288394;2013-04-17;Quarta;14:00:00;SP;116;224.0;GUARULHOS;Falta de atenção;Colisão lateral;Sem Vítimas;Pleno dia;Decrescente;Ceu Claro;Múltipla;Reta;Urbano;2;2
1288415;2013-04-17;Quarta;23:10:00;SP;116;227.0;GUARULHOS;Falta de atenção;Colisão lateral;Sem Vítimas;Plena noite;Decrescente;Nublado;Múltipla;Reta;Urbano;2;2
1288418;2013-04-23;Terça;08:30:00;SP;116;210.5;GUARULHOS;Não guardar distância de segurança;Queda de motocicleta / bicicleta / veículo;Com Vítimas Fatais;Pleno dia;Decrescente;Sol;Dupla;Reta;Urbano;3;2
1288442;2013-04-24;Quarta;13:20:00;SP;116;229.0;SAO PAULO;Falta de atenção;Colisão lateral;Sem Vítimas;Pleno dia;Decrescente;Ceu Claro;Múltipla;Reta;Urbano;5;5
1288529;2013-04-13;Sábado;12:10:00;SP;116;146.7;SAO JOSE DOS CAMPOS;Outras;Colisão traseira;Sem Vítimas;Pleno dia;Crescente;Chuva;Múltipla;Reta;Urbano;2;2
1288630;2013-04-18;Quinta;08:15:00;SP;116;228.0;SAO PAULO;Falta de atenção;Colisão traseira;Sem Vítimas;Pleno dia;Crescente;Sol;Múltipla;Reta;Urbano;2;2
1288633;2013-04-25;Quinta;19:10:00;SP;116;155.0;SAO JOSE DOS CAMPOS;Não guardar distância de segurança;Colisão traseira;Sem Vítimas;Plena noite;Crescente;Ceu Claro;Simples;Reta;Urbano;2;2