id;data_inversa;dia_semana;horario;uf;br;km;municipio;causa_acidente;tipo_acidente;classificacao_acidente;fase_dia;sentido_via;condicao_metereologica;tipo_pista;tracado_via;uso_solo;pessoas;veiculos
1298768;2013-05-11;Sábado;18:30:00;SP;116;165.0;JACAREI;Outras;Danos Eventuais;Sem Vítimas;Plena noite;Decrescente;Ceu Claro;Múltipla;Reta;Urbano;2;2
1298838;2013-05-11;Sábado;18:30:00;SP;116;222.0;GUARULHOS;Falta de atenção;Colisão traseira;Sem Vítimas;Plena noite;Decrescente;Ceu Claro;Dupla;Reta;Urbano;2;2
1298903;2013-05-15;Quarta;07:20:00;SP;116;142.1;SAO JOSE DOS CAMPOS;Falta de atenção;Colisão traseira;Com Vítimas Feridas;Pleno dia;Decrescente;Sol;Dupla;Reta;Urbano;4;3
1299016;2013-05-15;Quarta;07:20:00;SP;116;224.0;GUARULHOS;Não guardar distância de segurança;Colisão lateral;Sem Vítimas;Amanhecer;Decrescente;Ceu Claro;Múltipla;Reta;Urbano;2;2
1299134;2013-05-15;Quarta;18:30:00;SP;116;225.0;GUARULHOS;Não guardar distância de segurança;Colisão traseira;Com Vítimas Feridas;Plena noite;Decrescente;Ceu Claro;Múltipla;Reta;Urbano;3;3
1299193;2013-05-15;Quarta;20:40:00;SP;116;126.9;CACAPAVA;Defeito na via;Colisão com objeto móvel;Sem Vítimas;Plena noite;Decrescente;Ceu Claro;Dupla;Reta;Urbano;1;1
1299199;2013-05-15;Quarta;07:30:00;SP;116;218.0;GUARULHOS;Falta de atenção;Colisão traseira;Sem Vítimas;Pleno dia;Decrescente;Ceu Claro;Múltipla;Reta;Urbano;2;2
1299238;2013-05-15;Quarta;07:40:00;SP;116;210.0;GUARULHOS;Não guardar distância de segurança;Colisão traseira;Sem Vítimas;Amanhecer;Crescente;Ceu Claro;Múltipla;Reta;Urbano;2;2
1299239;2013-05-15;Quarta;18:00:00;SP;116;213.0;GUARULHOS;Não guardar distância de segurança;Colisão lateral;Com Vítimas Feridas;Anoitecer;Crescente;Ceu Claro;Múltipla;Reta;Urbano;2;2
1299280;2013-05-07;Terça;17:15:00;SP;116;212.0;GUARULHOS;Falta de atenção;Colisão lateral;Com Vítimas Feridas;Pleno dia;Crescente;Ceu Claro;Múltipla;Reta;Urbano;3;3
1299298;2013-05-16;Quinta;05:00:00;SP;116;171.7;JACAREI;Não guardar distância de segurança;Colisão traseira;Com Vítimas Feridas;Plena noite;Crescente;Ceu Claro;Simples;Reta;Rural;3;2
1299442;2013-03-26;Terça;01:00:00;SP;116;219.0;GUARULHOS;Outras;Colisão traseira;Com Vítimas Feridas;Plena noite;Decrescente;Ceu Claro;Múltipla;Reta;Urbano;2;2
1299506;2013-05-12;Domingo;17:40:00;SP;116;113.1;TAUBATE;Outras;Colisão traseira;Com Vítimas Feridas;Anoitecer;Crescente;Ceu Claro;Dupla;Reta;Urbano;4;2
1299532;2013-05-11;Sábado;10:45:00;SP;116;165.0;JACAREI;Falta de atenção;Colisão traseira;Sem Vítimas;Pleno dia;Crescente;Ceu Claro;Múltipla;Reta;Urbano;2;2
1299639;2013-05-13;Segunda;18:00:00;SP;116;203.0;ARUJA;Não guardar distância de segurança;Colisão traseira;Sem Vítimas;Anoitecer;Decrescente;Ceu Claro;Dupla;Reta;Urbano;3;3
1299676;2013-05-16;Quinta;16:10:00;SP;116;122.3;CACAPAVA;Outras;Colisão lateral;Sem Vítimas;Pleno dia;Crescente;Ceu Claro;Dupla;Reta;Rural;2;2
1299682;2013-05-16;Quinta;19:15:00;SP;116;155.0;SAO JOSE DOS CAMPOS;Falta de atenção;Colisão traseira;Sem Vítimas;Anoitecer;Crescente;Ceu Claro;Dupla;Reta;Urbano;2;2
1299762;2013-05-13;Segunda;11:20:00;SP;116;221.0;GUARULHOS;Não guardar distância de segurança;Colisão lateral;Sem Vítimas;Pleno dia;Crescente;Ceu Claro;Múltipla;Reta;Urbano;2;2
1299786;2013-05-16;Quinta;07:10:00;SP;116;222.0;GUARULHOS;Não guardar distância de segurança;Colisão traseira;Com Vítimas Feridas;Pleno dia;Crescente;Ceu Claro;Múltipla;Reta;Urbano;3;2
1299983;2013-05-14;Terça;14:40:00;SP;116;142.1;SAO JOSE DOS CAMPOS;Falta de atenção;Colisão traseira;Com Vítimas Feridas;Pleno dia;Decrescente;Ceu Claro;Simples;Reta;Rural;2;2
1300029;2013-05-14;Terça;08:30:00;SP;116;203.0;ARUJA;Falta de atenção;Colisão lateral;Sem Vítimas;Pleno dia;Crescente;Ceu Claro;Múltipla;Reta;Urbano;2;2
1300235;2013-05-16;Quinta;14:20:00;SP;116;206.0;GUARULHOS;Falta de atenção;Colisão com bicicleta;Com Vítimas Feridas;Pleno dia;Decrescente;Nublado;Múltipla;Reta;Urbano;2;2
1300242;2013-05-17;Sexta;12:40:00;SP;116;165.0;JACAREI;Falta de atenção;Colisão traseira;Sem Vítimas;Pleno dia;Decrescente;Nublado;Dupla;Reta;Urbano;2;2
1300252;2013-05-17;Sexta;17:50:00;SP;116;145.0;SAO JOSE DOS CAMPOS;Não guardar distância de segurança;Colisão traseira;Sem Vítimas;Anoitecer;Crescente;Ceu Claro;Dupla;Reta;Urbano;2;2
1300270;2013-05-17;Sexta;17:40:00;SP;116;157.1;SAO JOSE DOS CAMPOS;Falta de atenção;Colisão traseira;Sem Vítimas;Anoitecer;Decrescente;Nublado;Dupla;Reta;Urbano;3;3
1300286;2013-05-16;Quinta;12:05:00;SP;116;182.0;SANTA ISABEL;Falta de atenção;Colisão Transversal;Sem Vítimas;Pleno dia;Decrescente;Sol;Múltipla;Reta;Rural;2;2
1300321;2013-05-17;Sexta;04:55:00;SP;116;125.0;CACAPAVA;Ingestão de álcool;Colisão com objeto fixo;Sem Vítimas;Plena noite;Crescente;Nublado;Dupla;Reta;Rural;1;1
1300508;2013-05-16;Quinta;11:30:00;SP;116;222.0;GUARULHOS;Outras;Colisão traseira;Sem Vítimas;Pleno dia;Crescente;Sol;Simples;Reta;Urbano;4;4
1300511;2013-05-14;Terça;14:00:00;SP;116;116.1;TAUBATE;Falta de atenção;Colisão traseira;Sem Vítimas;Pleno dia;Crescente;Ceu Claro;Dupla;Reta;Rural;2;2
1300578;2013-05-15;Quarta;07:45:00;SP;116;161.7;JACAREI;Não guardar distância de segurança;Colisão traseira;Com Vítimas Feridas;Pleno dia;Crescente;Ceu Claro;Dupla;Reta;Urbano;3;2
1300622;2013-05-18;Sábado;10:00:00;SP;116;104.1;TAUBATE;Falta de atenção;Colisão traseira;Sem Vítimas;Pleno dia;Decrescente;Nublado;Dupla;Reta;Rural;2;2
1300701;2013-05-10;Sexta;20:58:00;SP;116;229.0;SAO PAULO;Falta de atenção;Colisão lateral;Com Vítimas Feridas;Plena noite;Decrescente;Nublado;Múltipla;Reta;Urbano;2;2
1300765;2013-05-18;Sábado;08:40:00;SP;116;155.0;SAO JOSE DOS CAMPOS;Não guardar distância de segurança;Queda de motocicleta / bicicleta / veículo;Com Vítimas Feridas;Pleno dia;Crescente;Ceu Claro;Múltipla;Reta;Urbano;1;1
1300767;2013-05-14;Terça;08:30:00;SP;116;221.8;GUARULHOS;Outras;Colisão traseira;Sem Vítimas;Pleno dia;Crescente;Sol;Múltipla;Reta;Urbano;2;2
1300772;2013-05-14;Terça;09:50:00;SP;116;229.0;SAO PAULO;Falta de atenção;Colisão traseira;Sem Vítimas;Pleno dia;Decrescente;Sol;Múltipla;Reta;Urbano;2;2
1300812;2013-05-18;Sábado;16:30:00;SP;116;219.8;GUARULHOS;Ingestão de álcool;Colisão com objeto fixo;Sem Vítimas;Pleno dia;Crescente;Nublado;Múltipla;Reta;Urbano;1;1
1300814;2013-05-14;Terça;08:15:00;SP;116;225.0;GUARULHOS;Falta de atenção;Colisão traseira;Sem Vítimas;Pleno dia;Decrescente;Ceu Claro;Múltipla;Reta;Urbano;2;2
1301010;2013-05-18;Sábado;00:10:00;SP;116;227.0;GUARULHOS;Falta de atenção;Colisão lateral;Com Vítimas Feridas;Plena noite;Decrescente;Ceu Claro;Múltipla;Reta;Urbano;4;2
1301029;2013-05-15;Quarta;14:40:00;SP;116;145.6;SAO JOSE DOS CAMPOS;Falta de atenção;Colisão traseira;Sem Vítimas;Pleno dia;Decrescente;Sol;Dupla;Reta;Urbano;3;3
1301032;2013-05-18;Sábado;18:30:00;SP;116;220.0;GUARULHOS;Defeito mecânico em veículo;Colisão traseira;Sem Vítimas;Plena noite;Crescente;Ceu Claro;Múltipla;Reta;Urbano;2;2
1301050;2013-05-13;Segunda;05:20:00;SP;116;215.0;GUARULHOS;Ultrapassagem indevida;Colisão lateral;Com Vítimas Feridas;Amanhecer;Crescente;Ceu Claro;Simples;Reta;Urbano;2;2
1301111;2013-05-13;Segunda;08:50:00;SP;116;219.2;GUARULHOS;Não guardar distância de segurança;Colisão traseira;Com Vítimas Feridas;Pleno dia;Decrescente;Ceu Claro;Múltipla;Reta;Urbano;2;2
1301113;2013-05-14;Terça;13:24:00;SP;116;120.6;CACAPAVA;Outras;Queda de motocicleta / bicicleta / veículo;Com Vítimas Feridas;Pleno dia;Decrescente;Sol;Dupla;Reta;Urbano;1;1
1301139;2013-05-17;Sexta;07:55:00;SP;116;228.0;GUARULHOS;Falta de atenção;Colisão traseira;Sem Vítimas;Pleno dia;Crescente;Ceu Claro;Múltipla;Reta;Urbano;2;2
1301174;2013-05-17;Sexta;17:00:00;SP;116;223.0;GUARULHOS;Falta de atenção;Colisão traseira;Sem Vítimas;Pleno dia;Decrescente;Ceu Claro;Múltipla;Reta;Urbano;2;2
1301227;2013-05-19;Domingo;18:30:00;SP;116;212.9;GUARULHOS;Outras;Colisão com objeto fixo;Sem Vítimas;Plena noite;Decrescente;Ceu Claro;Múltipla;Reta;Urbano;1;1
1301253;2013-05-19;Domingo;20:00:00;SP;116;156.0;SAO JOSE DOS CAMPOS;Outras;Queda de motocicleta / bicicleta / veículo;Com Vítimas Feridas;Plena noite;Crescente;Ceu Claro;Dupla;Reta;Urbano;1;1
1301260;2013-05-15;Quarta;18:50:00;SP;116;222.9;GUARULHOS;Outras;Colisão lateral;Com Vítimas Feridas;Plena noite;Decrescente;Nublado;Múltipla;Reta;Urbano;4;3
1301263;2013-05-19;Domingo;20:15:00;SP;116;155.3;SAO JOSE DOS CAMPOS;Falta de atenção;Colisão traseira;Sem Vítimas;Plena noite;Crescente;Ceu Claro;Múltipla;Reta;Urbano;3;3
1301271;2013-05-19;Domingo;20:15:00;SP;116;155.4;SAO JOSE DOS CAMPOS;Falta de atenção;Colisão traseira;Sem Vítimas;Plena noite;Crescente;Ceu Claro;Dupla;Reta;Urbano;2;2
1301276;2013-05-13;Segunda;19:15:00;SP;116;228.0;SAO PAULO;Não guardar distância de segurança;Colisão traseira;Sem Vítimas;Plena noite;Crescente;Ceu Claro;Múltipla;Reta;Urbano;2;2
1301396;2013-05-20;Segunda;00:10:00;SP;116;212.0;GUARULHOS;Outras;Capotamento;Com Vítimas Feridas;Plena noite;Crescente;Ceu Claro;Múltipla;Reta;Urbano;3;1
1301514;2013-05-15;Quarta;17:55:00;SP;116;109.0;TAUBATE;Falta de atenção;Colisão traseira;Sem Vítimas;Anoitecer;Decrescente;Ceu Claro;Dupla;Reta;Urbano;3;3
1301517;2013-04-15;Segunda;12:30:00;SP;116;144.6;SAO JOSE DOS CAMPOS;Não guardar distância de segurança;Colisão traseira;Sem Vítimas;Pleno dia;Crescente;Ceu Claro;Dupla;Reta;Rural;3;3
1301650;2013-05-16;Quinta;16:55:00;SP;116;122.5;CACAPAVA;Falta de atenção;Colisão traseira;Sem Vítimas;Pleno dia;Decrescente;Nublado;Dupla;Reta;Urbano;2;2
1301726;2013-05-18;Sábado;02:00:00;SP;116;217.0;GUARULHOS;Falta de atenção;Colisão traseira;Com Vítimas Feridas;Plena noite;Crescente;Ceu Claro;Simples;Reta;Urbano;3;2
1301739;2013-05-17;Sexta;09:46:00;SP;116;228.0;SAO PAULO;Falta de atenção;Colisão lateral;Sem Vítimas;Pleno dia;Crescente;Ceu Claro;Múltipla;Reta;Urbano;2;2
1301751;2013-05-10;Sexta;12:50:00;SP;116;152.0;SAO JOSE DOS CAMPOS;Outras;Colisão lateral;Sem Vítimas;Pleno dia;Crescente;Ceu Claro;Múltipla;Reta;Urbano;2;2
1301774;2013-05-17;Sexta;19:30:00;SP;116;228.0;SAO PAULO;Não guardar distância de segurança;Colisão traseira;Com Vítimas Feridas;Plena noite;Decrescente;Ceu Claro;Múltipla;Reta;Urbano;2;2
1301796;2013-05-16;Quinta;14:00:00;SP;116;102.7;TAUBATE;Outras;Tombamento;Sem Vítimas;Pleno dia;Decrescente;Ceu Claro;Dupla;Reta;Urbano;1;1
1301824;2013-05-20;Segunda;21:00:00;SP;116;228.0;SAO PAULO;Outras;Colisão traseira;Sem Vítimas;Amanhecer;Decrescente;Ceu Claro;Múltipla;Reta;Urbano;2;2
1301846;2013-05-10;Sexta;05:45:00;SP;116;228.0;SAO PAULO;Outras;Colisão traseira;Sem Vítimas;Amanhecer;Decrescente;Ceu Claro;Múltipla;Reta;Urbano;2;2
1301950;2013-05-17;Sexta;17:40:00;SP;116;155.0;SAO JOSE DOS CAMPOS;Falta de atenção;Colisão traseira;Com Vítimas Feridas;Plena noite;Decrescente;Ceu Claro;Dupla;Reta;Urbano;7;6
1301981;2013-05-15;Quarta;13:50:00;SP;116;179.2;GUARAREMA;Defeito mecânico em veículo;Saída de Pista;Sem Vítimas;Pleno dia;Decrescente;Sol;Dupla;Reta;Rural;1;1
1302005;2013-05-19;Domingo;19:35:00;SP;116;186.2;SANTA ISABEL;Outras;Atropelamento de pessoa;Com Vítimas Feridas;Plena noite;Decrescente;Ceu Claro;Simples;Reta;Rural;2;1
1302012;2013-05-19;Domingo;13:00:00;SP;116;190.5;SANTA ISABEL;Outras;Capotamento;Com Vítimas Feridas;Pleno dia;Crescente;Sol;Dupla;Reta;Rural;1;1
1302043;2013-05-18;Sábado;14:28:00;SP;116;158.6;JACAREI;Não guardar distância de segurança;Colisão traseira;Sem Vítimas;Pleno dia;Crescente;Ceu Claro;Dupla;Reta;Urbano;2;2
1302057;2013-05-20;Segunda;16:20:00;SP;116;225.0;GUARULHOS;Não guardar distância de segurança;Colisão traseira;Sem Vítimas;Anoitecer;Crescente;Ceu Claro;Dupla;Reta;Urbano;3;3
1302080;2013-05-18;Sábado;05:15:00;SP;116;222.8;GUARULHOS;Falta de atenção;Capotamento;Sem Vítimas;Amanhecer;Decrescente;Ceu Claro;Múltipla;Reta;Urbano;1;1
1302111;2013-05-19;Domingo;18:43:00;SP;116;126.9;CACAPAVA;Ingestão de álcool;Colisão com objeto fixo;Sem Vítimas;Plena noite;Crescente;Ceu Claro;Dupla;Reta;Urbano;1;1
1302127;2013-05-19;Domingo;15:15:00;SP;116;198.0;GUARULHOS;Ingestão de álcool;Colisão traseira;Sem Vítimas;Pleno dia;Decrescente;Ceu Claro;Dupla;Curva;Rural;2;2
1302145;2013-05-21;Terça;09:30:00;SP;116;193.0;SANTA ISABEL;Outras;Colisão traseira;Sem Vítimas;Pleno dia;Decrescente;Ceu Claro;Dupla;Reta;Urbano;2;2
1302147;2013-05-21;Terça;11:15:00;SP;116;159.0;JACAREI;Outras;Colisão lateral;Sem Vítimas;Pleno dia;Decrescente;Ceu Claro;Dupla;Reta;Urbano;3;2
1302172;2013-05-21;Terça;15:00:00;SP;116;145.0;SAO JOSE DOS CAMPOS;Outras;Colisão lateral;Sem Vítimas;Pleno dia;Decrescente;Ceu Claro;Dupla;Reta;Urbano;2;2
1302190;2013-05-19;Domingo;05:40:00;SP;116;127.0;CACAPAVA;Falta de atenção;Colisão traseira;Sem Vítimas;Plena noite;Crescente;Ceu Claro;Dupla;Reta;Urbano;2;2
1302216;2013-05-20;Segunda;13:00:00;SP;116;186.0;SANTA ISABEL;Falta de atenção;Colisão lateral;Sem Vítimas;Pleno dia;Crescente;Nublado;Simples;Reta;Rural;2;2
1302231;2013-05-21;Terça;11:45:00;SP;116;111.6;TAUBATE;Falta de atenção;Tombamento;Sem Vítimas;Pleno dia;Decrescente;Ceu Claro;Dupla;Reta;Urbano;1;1
1302264;2013-05-21;Terça;18:15:00;SP;116;217.0;GUARULHOS;Ultrapassagem indevida;Colisão lateral;Sem Vítimas;Anoitecer;Decrescente;Ceu Claro;Múltipla;Reta;Urbano;2;2
1302284;2013-05-20;Segunda;17:00:00;SP;116;218.0;GUARULHOS;Outras;Colisão com objeto fixo;Sem Vítimas;Pleno dia;Crescente;Nublado;Múltipla;Reta;Urbano;1;1
1302324;2013-05-21;Terça;18:15:00;SP;116;114.2;TAUBATE;Não guardar distância de segurança;Colisão traseira;Sem Vítimas;Plena noite;Decrescente;Nublado;Dupla;Reta;Urbano;2;2
1302335;2013-05-21;Terça;22:00:00;SP;116;145.2;SAO JOSE DOS CAMPOS;Falta de atenção;Colisão traseira;Com Vítimas Feridas;Plena noite;Decrescente;Ceu Claro;Dupla;Reta;Urbano;5;3
1302478;2013-05-19;Domingo;00:30:00;SP;116;127.5;CACAPAVA;Outras;Colisão com objeto fixo;Ignorado;Plena noite;Crescente;Ceu Claro;Dupla;Reta;Rural;1;1
1302509;2013-04-03;Quarta;21:50:00;SP;116;219.0;GUARULHOS;Outras;Saída de Pista;Sem Vítimas;Plena noite;Crescente;Nublado;Dupla;Reta;Urbano;1;1
1302513;2013-05-15;Quarta;18:50:00;SP;116;212.6;GUARULHOS;Falta de atenção;Colisão lateral;Sem Vítimas;Plena noite;Crescente;Ceu Claro;Múltipla;Reta;Urbano;2;2
1302528;2013-05-19;Domingo;04:00:00;SP;116;159.7;JACAREI;Outras;Queda de motocicleta / bicicleta / veículo;Com Vítimas Feridas;Plena noite;Decrescente;Ceu Claro;Dupla;Reta;Rural;1;1
1302585;2013-05-12;Domingo;20:00:00;SP;116;229.0;GUARULHOS;Falta de atenção;Colisão traseira;Sem Vítimas;Plena noite;Decrescente;Ceu Claro;Múltipla;Reta;Urbano;2;2
1302630;2013-05-09;Quinta;18:37:00;SP;116;202.0;ARUJA;Outras;Capotamento;Com Vítimas Feridas;Anoitecer;Decrescente;Ceu Claro;Dupla;Reta;Urbano;1;1
1302661;2013-05-19;Domingo;14:20:00;SP;116;217.0;GUARULHOS;Não guardar distância de segurança;Colisão lateral;Com Vítimas Feridas;Pleno dia;Crescente;Ceu Claro;Múltipla;Reta;Urbano;3;2
1302690;2013-05-21;Terça;17:00:00;SP;116;156.0;SAO JOSE DOS CAMPOS;Outras;Colisão com objeto fixo;Sem Vítimas;Anoitecer;Crescente;Ceu Claro;Dupla;Reta;Rural;1;1
1302739;2013-05-22;Quarta;14:40:00;SP;116;165.0;JACAREI;Falta de atenção;Colisão traseira;Sem Vítimas;Pleno dia;Crescente;Ceu Claro;Múltipla;Reta;Rural;3;2
1302808;2013-05-18;Sábado;14:30:00;SP;116;158.5;JACAREI;Não guardar distância de segurança;Colisão traseira;Sem Vítimas;Pleno dia;Crescente;Sol;Dupla;Reta;Urbano;4;4
1302812;2013-05-20;Segunda;14:40:00;SP;116;212.0;GUARULHOS;Outras;Colisão lateral;Sem Vítimas;Pleno dia;Crescente;Ceu Claro;Múltipla;Reta;Urbano;4;4
1302889;2013-05-22;Quarta;19:30:00;SP;116;228.0;SAO PAULO;Falta de atenção;Atropelamento de pessoa;Sem Vítimas;Plena noite;Decrescente;Chuva;Múltipla;Reta;Urbano;2;1
1302960;2013-05-23;Quinta;03:30:00;SP;116;102.0;PINDAMONHANGABA;Outras;Colisão lateral;Sem Vítimas;Plena noite;Decrescente;Chuva;Dupla;Reta;Rural;3;3
1303012;2013-05-16;Quinta;22:15:00;SP;116;151.0;SAO JOSE DOS CAMPOS;Outras;Tombamento;Sem Vítimas;Plena noite;Decrescente;Nublado;Dupla;Reta;Urbano;1;1
1303014;2013-05-18;Sábado;23:54:00;SP;116;134.3;SAO JOSE DOS CAMPOS;Falta de atenção;Capotamento;Com Vítimas Feridas;Plena noite;Crescente;Ignorada;Dupla;Reta;Rural;2;1
1303044;2013-05-18;Sábado;11:30:00;SP;116;103.6;TAUBATE;Falta de atenção;Saída de Pista;Com Vítimas Feridas;Pleno dia;Crescente;Ceu Claro;Simples;Reta;Rural;2;1
1303219;2013-05-21;Terça;09:55:00;SP;116;228.0;GUARULHOS;Falta de atenção;Colisão lateral;Sem Vítimas;Pleno dia;Crescente;Ceu Claro;Dupla;Reta;Urbano;2;2
1303245;2013-05-22;Quarta;01:00:00;SP;116;195.6;ARUJA;Velocidade incompatível;Atropelamento de pessoa;Com Vítimas Feridas;Plena noite;Crescente;Ceu Claro;Dupla;Reta;Rural;2;1
1303376;2013-05-19;Domingo;16:30:00;SP;116;111.8;TAUBATE;Outras;Colisão traseira;Sem Vítimas;Pleno dia;Crescente;Sol;Dupla;Reta;Urbano;2;2
1303387;2013-05-23;Quinta;20:00:00;SP;116;100.8;PINDAMONHANGABA;Falta de atenção;Colisão lateral;Com Vítimas Feridas;Plena noite;Decrescente;Nublado;Dupla;Reta;Rural;3;2
1303404;2013-05-19;Domingo;16:29:00;SP;116;111.8;TAUBATE;Ingestão de álcool;Colisão traseira;Sem Vítimas;Anoitecer;Crescente;Nublado;Dupla;Reta;Urbano;2;2
1303485;2013-05-23;Quinta;16:25:00;SP;116;101.0;PINDAMONHANGABA;Falta de atenção;Colisão lateral;Sem Vítimas;Pleno dia;Decrescente;Nublado;Dupla;Reta;Rural;2;2
1303487;2013-05-22;Quarta;20:30:00;SP;116;128.0;CACAPAVA;Defeito na via;Atropelamento de animal;Sem Vítimas;Plena noite;Decrescente;Chuva;Dupla;Reta;Urbano;1;1
1303511;2013-05-16;Quinta;15:20:00;SP;116;109.3;TAUBATE;Outras;Colisão traseira;Com Vítimas Feridas;Pleno dia;Crescente;Ceu Claro;Dupla;Reta;Urbano;4;2
1303541;2013-05-20;Segunda;18:00:00;SP;116;114.0;TAUBATE;Falta de atenção;Colisão traseira;Com Vítimas Feridas;Anoitecer;Decrescente;Ceu Claro;Dupla;Reta;Urbano;2;2
1303617;2013-03-24;Domingo;18:50:00;SP;116;136.3;SAO JOSE DOS CAMPOS;Falta de atenção;Colisão traseira;Sem Vítimas;Plena noite;Crescente;Ceu Claro;Dupla;Reta;Rural;4;4
1303675;2013-05-22;Quarta;00:50:00;SP;116;178.2;GUARAREMA;Outras;Atropelamento de pessoa;Com Vítimas Fatais;Plena noite;Crescente;Ceu Claro;Múltipla;Reta;Urbano;2;1
1303708;2013-05-21;Terça;14:52:00;SP;116;147.0;SAO JOSE DOS CAMPOS;Não guardar distância de segurança;Colisão traseira;Sem Vítimas;Pleno dia;Decrescente;Ceu Claro;Dupla;Reta;Urbano;2;2
1303744;2013-05-23;Quinta;13:45:00;SP;116;199.0;ARUJA;Desobediência à sinalização;Colisão lateral;Sem Vítimas;Pleno dia;Crescente;Nublado;Dupla;Curva;Urbano;2;2
1303801;2013-04-13;Sábado;12:50:00;SP;116;228.0;SAO PAULO;Defeito mecânico em veículo;Colisão traseira;Sem Vítimas;Pleno dia;Crescente;Nublado;Múltipla;Reta;Urbano;3;3
1303870;2013-05-24;Sexta;17:50:00;SP;116;147.5;SAO JOSE DOS CAMPOS;Outras;Colisão traseira;Com Vítimas Feridas;Anoitecer;Decrescente;Nublado;Dupla;Reta;Urbano;5;4
1303915;2013-05-24;Sexta;14:00:00;SP;116;196.0;ARUJA;Outras;Colisão traseira;Com Vítimas Fatais;Pleno dia;Crescente;Nublado;Dupla;Reta;Urbano;5;2
1304082;2013-05-24;Sexta;00:50:00;SP;116;223.0;GUARULHOS;Outras;Saída de Pista;Sem Vítimas;Plena noite;Decrescente;Ceu Claro;Múltipla;Reta;Urbano;1;1
1304091;2013-05-24;Sexta;06:40:00;SP;116;216.0;GUARULHOS;Falta de atenção;Colisão com objeto fixo;Sem Vítimas;Amanhecer;Crescente;Ceu Claro;Múltipla;Reta;Urbano;1;1
1304099;2013-05-25;Sábado;09:40:00;SP;116;169.8;JACAREI;Defeito mecânico em veículo;Colisão com objeto fixo;Sem Vítimas;Pleno dia;Crescente;Sol;Dupla;Reta;Rural;1;1
1304143;2013-05-21;Terça;19:40:00;SP;116;165.2;JACAREI;Defeito mecânico em veículo;Incêndio;Sem Vítimas;Plena noite;Decrescente;Ceu Claro;Dupla;Reta;Urbano;1;1
1304179;2013-05-21;Terça;07:40:00;SP;116;150.0;SAO JOSE DOS CAMPOS;Não guardar distância de segurança;Colisão traseira;Sem Vítimas;Pleno dia;Crescente;Ceu Claro;Dupla;Reta;Urbano;4;4
1304207;2013-05-11;Sábado;01:15:00;SP;116;166.0;JACAREI;Outras;Colisão com objeto móvel;Sem Vítimas;Plena noite;Decrescente;Ceu Claro;Dupla;Reta;Rural;1;1
1304258;2013-05-18;Sábado;10:00:00;SP;116;193.0;SAO JOSE DOS CAMPOS;Velocidade incompatível;Saída de Pista;Com Vítimas Feridas;Pleno dia;Crescente;Ceu Claro;Dupla;Reta;Rural;1;1
1304297;2013-05-25;Sábado;17:30:00;SP;116;216.0;GUARULHOS;Falta de atenção;Colisão traseira;Com Vítimas Feridas;Anoitecer;Crescente;Ceu Claro;Múltipla;Reta;Urbano;2;2
1304325;2013-05-25;Sábado;18:20:00;SP;116;220.0;GUARULHOS;Falta de atenção;Atropelamento de pessoa;Com Vítimas Fatais;Plena noite;Decrescente;Ceu Claro;Múltipla;Reta;Urbano;2;1
1304339;2013-05-25;Sábado;20:13:00;SP;116;100.0;PINDAMONHANGABA;Animais na Pista;Queda de motocicleta / bicicleta / veículo;Com Vítimas Feridas;Plena noite;Decrescente;Ceu Claro;Múltipla;Reta;Rural;2;1
1304345;2013-05-23;Quinta;00:05:00;SP;116;104.0;TAUBATE;Falta de atenção;Colisão traseira;Sem Vítimas;Plena noite;Crescente;Chuva;Dupla;Reta;Urbano;2;2
1304346;2013-05-25;Sábado;18:30:00;SP;116;220.0;GUARULHOS;Outras;Colisão com objeto fixo;Sem Vítimas;Plena noite;Decrescente;Ceu Claro;Múltipla;Reta;Urbano;1;1
1304351;2013-05-25;Sábado;20:15:00;SP;116;146.0;SAO JOSE DOS CAMPOS;Outras;Colisão traseira;Sem Vítimas;Plena noite;Decrescente;Ceu Claro;Dupla;Reta;Urbano;4;4
1304360;2013-05-24;Sexta;11:00:00;SP;116;169.0;JACAREI;Falta de atenção;Colisão lateral;Sem Vítimas;Pleno dia;Decrescente;Ceu Claro;Múltipla;Reta;Rural;2;2
1304363;2013-05-25;Sábado;18:40:00;SP;116;220.0;GUARULHOS;Outras;Tombamento;Sem Vítimas;Plena noite;Decrescente;Ceu Claro;Múltipla;Reta;Urbano;1;1
1304396;2013-05-24;Sexta;20:10:00;SP;116;220.0;GUARULHOS;Falta de atenção;Colisão lateral;Sem Vítimas;Plena noite;Decrescente;Ceu Claro;Múltipla;Reta;Urbano;2;2
1304408;2013-05-23;Quinta;11:30:00;SP;116;204.5;ARUJA;Não guardar distância de segurança;Colisão traseira;Sem Vítimas;Pleno dia;Decrescente;Ceu Claro;Múltipla;Reta;Urbano;2;2