id;data_inversa;dia_semana;horario;uf;br;km;municipio;causa_acidente;tipo_acidente;classificacao_acidente;fase_dia;sentido_via;condicao_metereologica;tipo_pista;tracado_via;uso_solo;pessoas;veiculos
1320155;2013-06-24;Segunda;09:45:00;SP;116;228.0;SAO PAULO;Outras;Colisão traseira;Com Vítimas Feridas;Pleno dia;Crescente;Nublado;Múltipla;Reta;Urbano;2;2
1320214;2013-06-24;Segunda;14:00:00;SP;116;227.7;SAO PAULO;Não guardar distância de segurança;Colisão traseira;Sem Vítimas;Pleno dia;Decrescente;Chuva;Múltipla;Reta;Urbano;2;2
1320226;2013-06-16;Domingo;14:45:00;SP;116;193.9;SANTA ISABEL;Falta de atenção;Colisão com objeto fixo;Sem Vítimas;Pleno dia;Crescente;Ceu Claro;Dupla;Reta;Rural;1;1
1320238;2013-06-24;Segunda;21:30:00;SP;116;148.0;SAO JOSE DOS CAMPOS;Falta de atenção;Colisão lateral;Sem Vítimas;Plena noite;Crescente;Chuva;Dupla;Reta;Urbano;2;2
1320249;2013-06-20;Quinta;18:00:00;SP;116;108.7;TAUBATE;Falta de atenção;Colisão traseira;Sem Vítimas;Plena noite;Decrescente;Ceu Claro;Múltipla;Reta;Urbano;2;2
1320338;2013-06-25;Terça;05:45:00;SP;116;178.5;GUARAREMA;Outras;Saída de Pista;Sem Vítimas;Amanhecer;Crescente;Nublado;Simples;Reta;Rural;1;1
1320340;2013-06-21;Sexta;18:00:00;SP;116;150.0;SAO JOSE DOS CAMPOS;Falta de atenção;Colisão traseira;Com Vítimas Feridas;Plena noite;Crescente;Nublado;Dupla;Reta;Urbano;2;2
1320353;2013-06-22;Sábado;06:30:00;SP;116;101.0;PINDAMONHANGABA;Outras;Atropelamento de pessoa;Com Vítimas Feridas;Amanhecer;Decrescente;Ceu Claro;Dupla;Reta;Urbano;2;1
1320362;2013-06-18;Terça;05:30:00;SP;116;225.0;GUARULHOS;Falta de atenção;Colisão traseira;Sem Vítimas;Amanhecer;Decrescente;Ceu Claro;Múltipla;Reta;Urbano;2;2
1320503;2013-06-21;Sexta;14:25:00;SP;116;200.4;ARUJA;Outras;Atropelamento de pessoa;Com Vítimas Fatais;Pleno dia;Crescente;Ceu Claro;Dupla;Reta;Rural;2;1
1320631;2013-06-24;Segunda;16:00:00;SP;116;223.0;GUARULHOS;Outras;Colisão com objeto móvel;Sem Vítimas;Pleno dia;Crescente;Chuva;Dupla;Reta;Urbano;1;1
1320810;2013-06-18;Terça;14:20:00;SP;116;228.0;SAO PAULO;Falta de atenção;Colisão traseira;Sem Vítimas;Pleno dia;Crescente;Ceu Claro;Múltipla;Reta;Urbano;2;2
1320851;2013-06-25;Terça;12:00:00;SP;116;219.0;GUARULHOS;Falta de atenção;Colisão lateral;Com Vítimas Feridas;Pleno dia;Crescente;Chuva;Múltipla;Reta;Urbano;3;2
1321016;2013-06-25;Terça;16:00:00;SP;116;164.0;JACAREI;Falta de atenção;Colisão com objeto fixo;Sem Vítimas;Pleno dia;Crescente;Chuva;Dupla;Reta;Urbano;1;1
1321055;2013-06-26;Quarta;07:30:00;SP;116;144.0;SAO JOSE DOS CAMPOS;Falta de atenção;Colisão lateral;Sem Vítimas;Pleno dia;Crescente;Nublado;Simples;Reta;Urbano;2;2
1321060;2013-06-24;Segunda;18:25:00;SP;116;146.3;SAO JOSE DOS CAMPOS;Outras;Queda de motocicleta / bicicleta / veículo;Com Vítimas Feridas;Anoitecer;Decrescente;Chuva;Dupla;Reta;Urbano;1;1
1321076;2013-06-23;Domingo;07:00:00;SP;116;110.4;TAUBATE;Outras;Colisão traseira;Com Vítimas Feridas;Pleno dia;Crescente;Nublado;Dupla;Curva;Urbano;3;2
1321099;2013-06-26;Quarta;09:10:00;SP;116;165.0;JACAREI;Não guardar distância de segurança;Colisão traseira;Sem Vítimas;Pleno dia;Crescente;Chuva;Múltipla;Reta;Urbano;2;2
1321129;2013-06-10;Segunda;06:30:00;SP;116;171.0;JACAREI;Falta de atenção;Colisão traseira;Sem Vítimas;Amanhecer;Decrescente;Ceu Claro;Dupla;Curva;Rural;3;3
1321150;2013-06-21;Sexta;13:00:00;SP;116;190.0;SANTA ISABEL;Falta de atenção;Colisão com objeto fixo;Sem Vítimas;Pleno dia;Crescente;Ceu Claro;Dupla;Reta;Rural;1;1
1321152;2013-06-26;Quarta;09:50:00;SP;116;216.0;GUARULHOS;Falta de atenção;Colisão traseira;Sem Vítimas;Pleno dia;Crescente;Chuva;Múltipla;Reta;Urbano;2;2
1321208;2013-06-20;Quinta;23:40:00;SP;116;159.2;JACAREI;Falta de atenção;Colisão traseira;Sem Vítimas;Plena noite;Crescente;Ceu Claro;Dupla;Reta;Urbano;2;2
1321225;2013-06-20;Quinta;17:25:00;SP;116;160.8;JACAREI;Não guardar distância de segurança;Colisão lateral;Sem Vítimas;Anoitecer;Decrescente;Ceu Claro;Dupla;Reta;Urbano;2;2
1321232;2013-06-23;Domingo;21:25:00;SP;116;222.0;GUARULHOS;Dormindo;Colisão lateral;Sem Vítimas;Plena noite;Decrescente;Nublado;Múltipla;Reta;Urbano;2;2
1321254;2013-06-24;Segunda;16:00:00;SP;116;222.0;GUARULHOS;Outras;Colisão traseira;Sem Vítimas;Pleno dia;Decrescente;Chuva;Múltipla;Reta;Urbano;2;2
1321255;2013-04-18;Quinta;03:10:00;SP;116;161.4;JACAREI;Outras;Colisão com objeto fixo;Sem Vítimas;Plena noite;Crescente;Nublado;Dupla;Reta;Rural;1;1
1321275;2013-06-26;Quarta;11:55:00;SP;116;165.0;JACAREI;Outras;Colisão traseira;Sem Vítimas;Pleno dia;Decrescente;Chuva;Múltipla;Reta;Urbano;2;2
1321313;2013-06-24;Segunda;02:30:00;SP;116;192.0;SANTA ISABEL;Ingestão de álcool;Saída de Pista;Sem Vítimas;Plena noite;Decrescente;Ceu Claro;Dupla;Reta;Rural;1;1
1321635;2013-06-26;Quarta;16:15:00;SP;116;207.0;GUARULHOS;Falta de atenção;Colisão com objeto fixo;Ignorado;Pleno dia;Crescente;Chuva;Dupla;Reta;Urbano;1;1
1321686;2013-06-25;Terça;06:40:00;SP;116;228.0;GUARULHOS;Não guardar distância de segurança;Colisão lateral;Sem Vítimas;Pleno dia;Crescente;Chuva;Múltipla;Reta;Urbano;2;2
1321706;2013-06-21;Sexta;09:05:00;SP;116;136.0;SAO JOSE DOS CAMPOS;Ingestão de álcool;Colisão lateral;Com Vítimas Feridas;Pleno dia;Decrescente;Nublado;Dupla;Reta;Urbano;3;2
1321732;2013-06-24;Segunda;00:15:00;SP;116;225.0;GUARULHOS;Ingestão de álcool;Colisão com objeto fixo;Sem Vítimas;Plena noite;Decrescente;Nublado;Múltipla;Reta;Urbano;1;1
1321783;2013-06-24;Segunda;08:30:00;SP;116;225.9;GUARULHOS;Velocidade incompatível;Colisão traseira;Sem Vítimas;Pleno dia;Crescente;Nublado;Múltipla;Reta;Urbano;2;2
1321809;2013-06-26;Quarta;09:00:00;SP;116;191.0;SANTA ISABEL;Outras;Capotamento;Com Vítimas Feridas;Pleno dia;Crescente;Chuva;Simples;Reta;Rural;2;2
1321842;2013-06-20;Quinta;06:30:00;SP;116;220.0;GUARULHOS;Outras;Colisão traseira;Com Vítimas Feridas;Pleno dia;Crescente;Chuva;Múltipla;Reta;Urbano;2;2
1322031;2013-06-25;Terça;05:55:00;SP;116;129.3;CACAPAVA;Outras;Colisão lateral;Sem Vítimas;Pleno dia;Decrescente;Ceu Claro;Dupla;Reta;Rural;2;2
1322034;2013-06-26;Quarta;04:00:00;SP;116;153.0;SAO JOSE DOS CAMPOS;Dormindo;Colisão com objeto fixo;Sem Vítimas;Plena noite;Crescente;Nublado;Dupla;Reta;Urbano;1;1
1322062;2013-06-28;Sexta;06:20:00;SP;116;223.3;GUARULHOS;Não guardar distância de segurança;Colisão traseira;Sem Vítimas;Amanhecer;Crescente;Nublado;Múltipla;Reta;Urbano;3;3
1322096;2013-06-25;Terça;06:30:00;SP;116;216.0;GUARULHOS;Outras;Colisão traseira;Sem Vítimas;Amanhecer;Decrescente;Nublado;Múltipla;Reta;Urbano;2;2
1322097;2013-06-23;Domingo;09:00:00;SP;116;101.0;PINDAMONHANGABA;Falta de atenção;Colisão traseira;Sem Vítimas;Pleno dia;Decrescente;Ceu Claro;Dupla;Reta;Urbano;2;2
1322112;2013-06-27;Quinta;22:00:00;SP;116;219.0;GUARULHOS;Defeito mecânico em veículo;Colisão traseira;Sem Vítimas;Plena noite;Decrescente;Ignorada;Múltipla;Reta;Urbano;3;3
1322131;2013-06-27;Quinta;02:50:00;SP;116;132.1;CACAPAVA;Falta de atenção;Colisão traseira;Com Vítimas Feridas;Plena noite;Decrescente;Nublado;Dupla;Reta;Rural;2;2
1322191;2013-06-27;Quinta;01:50:00;SP;116;127.9;CACAPAVA;Falta de atenção;Colisão traseira;Sem Vítimas;Plena noite;Decrescente;Ceu Claro;Dupla;Reta;Urbano;2;2
1322218;2013-06-24;Segunda;17:44:00;SP;116;115.3;TAUBATE;Falta de atenção;Colisão traseira;Sem Vítimas;Anoitecer;Decrescente;Ceu Claro;Múltipla;Reta;Urbano;2;2
1322224;2013-06-25;Terça;13:30:00;SP;116;135.9;SAO JOSE DOS CAMPOS;Outras;Capotamento;Com Vítimas Feridas;Pleno dia;Decrescente;Chuva;Dupla;Reta;Urbano;4;1
1322258;2013-06-28;Sexta;13:52:00;SP;116;149.0;SAO JOSE DOS CAMPOS;Velocidade incompatível;Saída de Pista;Sem Vítimas;Pleno dia;Decrescente;Ceu Claro;Dupla;Reta;Urbano;2;1
1322259;2013-06-25;Terça;18:30:00;SP;116;209.0;GUARULHOS;Falta de atenção;Colisão traseira;Com Vítimas Feridas;Anoitecer;Crescente;Nublado;Simples;Reta;Urbano;2;2
1322289;2013-06-25;Terça;16:30:00;SP;116;140.0;SAO JOSE DOS CAMPOS;Outras;Colisão traseira;Sem Vítimas;Pleno dia;Crescente;Chuva;Dupla;Reta;Rural;3;3
1322295;2013-06-28;Sexta;06:55:00;SP;116;147.6;SAO JOSE DOS CAMPOS;Falta de atenção;Colisão traseira;Sem Vítimas;Amanhecer;Decrescente;Ceu Claro;Dupla;Reta;Urbano;2;2
1322313;2013-06-28;Sexta;14:55:00;SP;116;137.8;SAO JOSE DOS CAMPOS;Outras;Colisão lateral;Sem Vítimas;Pleno dia;Crescente;Ceu Claro;Dupla;Reta;Urbano;2;2
1322390;2013-06-28;Sexta;15:30:00;SP;116;141.8;SAO JOSE DOS CAMPOS;Outras;Colisão traseira;Com Vítimas Feridas;Pleno dia;Decrescente;Ceu Claro;Dupla;Reta;Urbano;2;2
1322442;2013-06-25;Terça;12:00:00;SP;116;136.7;SAO JOSE DOS CAMPOS;Dormindo;Capotamento;Sem Vítimas;Pleno dia;Decrescente;Nublado;Dupla;Reta;Urbano;1;1
1322462;2013-06-28;Sexta;15:20:00;SP;116;142.0;SAO JOSE DOS CAMPOS;Outras;Queda de motocicleta / bicicleta / veículo;Com Vítimas Feridas;Pleno dia;Decrescente;Ceu Claro;Dupla;Reta;Urbano;1;1
1322569;2013-06-22;Sábado;12:30:00;SP;116;111.5;TAUBATE;Não guardar distância de segurança;Capotamento;Sem Vítimas;Pleno dia;Crescente;Ceu Claro;Dupla;Reta;Urbano;2;2
1322639;2013-06-24;Segunda;17:30:00;SP;116;114.0;TAUBATE;Não guardar distância de segurança;Colisão traseira;Sem Vítimas;Anoitecer;Decrescente;Nublado;Dupla;Reta;Urbano;2;2
1322641;2013-06-27;Quinta;00:25:00;SP;116;119.4;CACAPAVA;Ingestão de álcool;Colisão traseira;Sem Vítimas;Plena noite;Decrescente;Chuva;Dupla;Reta;Rural;5;5
1322658;2013-06-27;Quinta;00:20:00;SP;116;119.6;CACAPAVA;Falta de atenção;Colisão traseira;Com Vítimas Feridas;Plena noite;Decrescente;Nublado;Dupla;Reta;Rural;2;2
1322670;2013-06-24;Segunda;06:25:00;SP;116;145.5;SAO JOSE DOS CAMPOS;Não guardar distância de segurança;Colisão lateral;Com Vítimas Feridas;Pleno dia;Decrescente;Nublado;Múltipla;Reta;Urbano;2;2
1322693;2013-06-27;Quinta;07:15:00;SP;116;161.3;JACAREI;Outras;Colisão traseira;Sem Vítimas;Pleno dia;Crescente;Chuva;Dupla;Reta;Urbano;2;2
1322707;2013-06-27;Quinta;17:15:00;SP;116;114.2;TAUBATE;Outras;Colisão traseira;Sem Vítimas;Pleno dia;Decrescente;Chuva;Dupla;Reta;Urbano;2;2
1322743;2013-06-29;Sábado;10:30:00;SP;116;145.0;SAO JOSE DOS CAMPOS;Não guardar distância de segurança;Colisão traseira;Sem Vítimas;Pleno dia;Crescente;Sol;Múltipla;Reta;Urbano;6;6
1322776;2013-06-27;Quinta;17:15:00;SP;116;114.2;TAUBATE;Falta de atenção;Colisão traseira;Sem Vítimas;Pleno dia;Decrescente;Chuva;Dupla;Reta;Urbano;2;2
1322780;2013-06-25;Terça;11:00:00;SP;116;164.0;JACAREI;Falta de atenção;Colisão traseira;Sem Vítimas;Pleno dia;Crescente;Ceu Claro;Múltipla;Reta;Rural;2;2
1322860;2013-06-29;Sábado;08:00:00;SP;116;165.0;JACAREI;Falta de atenção;Colisão lateral;Sem Vítimas;Pleno dia;Crescente;Ceu Claro;Múltipla;Reta;Rural;2;2
1322970;2013-06-29;Sábado;20:30:00;SP;116;145.3;SAO JOSE DOS CAMPOS;Falta de atenção;Colisão traseira;Com Vítimas Feridas;Plena noite;Crescente;Ceu Claro;Múltipla;Reta;Urbano;3;2
1323130;2013-06-28;Sexta;02:50:00;SP;116;105.2;TAUBATE;Dormindo;Colisão lateral;Sem Vítimas;Plena noite;Decrescente;Ceu Claro;Dupla;Reta;Rural;3;3
1323153;2013-06-27;Quinta;08:30:00;SP;116;140.0;SAO JOSE DOS CAMPOS;Não guardar distância de segurança;Colisão traseira;Sem Vítimas;Pleno dia;Decrescente;Ceu Claro;Dupla;Reta;Rural;2;2
1323244;2013-06-29;Sábado;20:05:00;SP;116;204.0;ARUJA;Outras;Colisão com objeto fixo;Sem Vítimas;Plena noite;Crescente;Nublado;Dupla;Reta;Urbano;1;1
1323267;2013-06-29;Sábado;10:40:00;SP;116;182.0;SANTA ISABEL;Outras;Colisão lateral;Sem Vítimas;Pleno dia;Decrescente;Ceu Claro;Dupla;Reta;Rural;2;2
1323295;2013-06-17;Segunda;09:10:00;SP;116;204.0;ARUJA;Outras;Colisão traseira;Sem Vítimas;Pleno dia;Crescente;Chuva;Dupla;Reta;Urbano;2;2
1323375;2013-06-18;Terça;05:40:00;SP;116;210.0;GUARULHOS;Falta de atenção;Colisão traseira;Sem Vítimas;Amanhecer;Crescente;Nublado;Múltipla;Reta;Urbano;2;2
1323394;2013-06-25;Terça;18:00:00;SP;116;218.0;GUARULHOS;Outras;Colisão traseira;Sem Vítimas;Plena noite;Crescente;Nublado;Múltipla;Reta;Urbano;2;2
1323404;2013-06-25;Terça;10:50:00;SP;116;196.0;ARUJA;Outras;Saída de Pista;Sem Vítimas;Pleno dia;Crescente;Chuva;Dupla;Reta;Urbano;1;1
1323417;2013-06-30;Domingo;04:14:00;SP;116;217.0;GUARULHOS;Outras;Colisão com objeto fixo;Sem Vítimas;Plena noite;Crescente;Chuva;Múltipla;Reta;Urbano;1;1
1323504;2013-06-27;Quinta;07:10:00;SP;116;221.0;GUARULHOS;Falta de atenção;Colisão lateral;Com Vítimas Feridas;Pleno dia;Crescente;Ceu Claro;Múltipla;Reta;Rural;2;2
1323510;2013-06-30;Domingo;23:20:00;SP;116;141.5;SAO JOSE DOS CAMPOS;Falta de atenção;Colisão traseira;Sem Vítimas;Plena noite;Decrescente;Nublado;Dupla;Reta;Urbano;2;2
1323587;2013-06-30;Domingo;04:28:00;SP;116;174.1;JACAREI;Dormindo;Colisão com objeto fixo;Com Vítimas Feridas;Plena noite;Decrescente;Chuva;Dupla;Reta;Rural;2;1
1323598;2013-06-27;Quinta;03:20:00;SP;116;132.1;CACAPAVA;Falta de atenção;Colisão lateral;Sem Vítimas;Plena noite;Decrescente;Ceu Claro;Dupla;Reta;Urbano;2;2
1323632;2013-06-24;Segunda;15:00:00;SP;116;209.0;GUARULHOS;Outras;Colisão traseira;Sem Vítimas;Pleno dia;Crescente;Chuva;Dupla;Reta;Urbano;2;2
1323657;2013-06-28;Sexta;13:15:00;SP;116;228.3;GUARULHOS;Outras;Colisão traseira;Com Vítimas Feridas;Pleno dia;Crescente;Nublado;Múltipla;Reta;Urbano;5;5
1323751;2013-07-01;Segunda;06:50:00;SP;116;218.0;GUARULHOS;Não guardar distância de segurança;Colisão traseira;Sem Vítimas;Pleno dia;Decrescente;Chuva;Múltipla;Reta;Urbano;4;4
1323790;2013-07-01;Segunda;15:10:00;SP;116;103.1;TAUBATE;Outras;Colisão traseira;Sem Vítimas;Pleno dia;Crescente;Chuva;Dupla;Reta;Urbano;2;2
1323797;2013-06-29;Sábado;02:40:00;SP;116;116.6;TAUBATE;Outras;Atropelamento de pessoa;Com Vítimas Fatais;Plena noite;Decrescente;Nublado;Dupla;Reta;Rural;2;1
1323811;2013-06-26;Quarta;06:45:00;SP;116;212.0;GUARULHOS;Outras;Queda de motocicleta / bicicleta / veículo;Com Vítimas Feridas;Amanhecer;Crescente;Ceu Claro;Múltipla;Reta;Urbano;2;2
1323816;2013-06-30;Domingo;19:50:00;SP;116;212.0;GUARULHOS;Falta de atenção;Colisão traseira;Sem Vítimas;Plena noite;Crescente;Chuva;Múltipla;Reta;Urbano;2;2
1323838;2013-07-01;Segunda;10:30:00;SP;116;213.0;GUARULHOS;Não guardar distância de segurança;Tombamento;Sem Vítimas;Pleno dia;Decrescente;Nublado;Dupla;Reta;Urbano;2;2
1323850;2013-07-01;Segunda;15:30:00;SP;116;227.0;GUARULHOS;Outras;Colisão traseira;Com Vítimas Feridas;Pleno dia;Decrescente;Chuva;Múltipla;Reta;Urbano;5;2
1323881;2013-06-29;Sábado;17:15:00;SP;116;115.2;TAUBATE;Falta de atenção;Atropelamento de pessoa;Com Vítimas Feridas;Anoitecer;Crescente;Ceu Claro;Simples;Reta;Urbano;3;1
1323900;2013-07-01;Segunda;18:00:00;SP;116;204.0;ARUJA;Falta de atenção;Colisão com objeto fixo;Ignorado;Plena noite;Decrescente;Chuva;Múltipla;Reta;Urbano;1;1
1323901;2013-06-23;Domingo;04:10:00;SP;116;222.0;GUARULHOS;Falta de atenção;Colisão lateral;Sem Vítimas;Plena noite;Decrescente;Ceu Claro;Múltipla;Reta;Urbano;2;2
1323940;2013-06-27;Quinta;18:20:00;SP;116;216.0;GUARULHOS;Não guardar distância de segurança;Colisão traseira;Sem Vítimas;Pleno dia;Decrescente;Nublado;Múltipla;Reta;Urbano;5;5
1323942;2013-06-28;Sexta;17:45:00;SP;116;223.6;GUARULHOS;Não guardar distância de segurança;Colisão traseira;Com Vítimas Feridas;Anoitecer;Crescente;Ceu Claro;Múltipla;Reta;Urbano;3;2
1324084;2013-06-29;Sábado;05:20:00;SP;116;214.0;GUARULHOS;Outras;Colisão traseira;Sem Vítimas;Amanhecer;Crescente;Nublado;Múltipla;Reta;Urbano;2;2
1324109;2013-06-30;Domingo;14:15:00;SP;116;139.8;SAO JOSE DOS CAMPOS;Outras;Capotamento;Sem Vítimas;Pleno dia;Crescente;Ceu Claro;Dupla;Reta;Rural;3;3
1324146;2013-06-30;Domingo;01:24:00;SP;116;150.0;SAO JOSE DOS CAMPOS;Ingestão de álcool;Colisão traseira;Sem Vítimas;Plena noite;Decrescente;Nublado;Múltipla;Reta;Urbano;2;2
1324173;2013-06-29;Sábado;12:55:00;SP;116;145.0;SAO JOSE DOS CAMPOS;Não guardar distância de segurança;Colisão traseira;Sem Vítimas;Pleno dia;Crescente;Ceu Claro;Dupla;Reta;Urbano;2;2
1324189;2013-06-23;Domingo;13:10:00;SP;116;146.0;SAO JOSE DOS CAMPOS;Falta de atenção;Colisão traseira;Com Vítimas Feridas;Pleno dia;Crescente;Ceu Claro;Dupla;Reta;Urbano;2;2
1324195;2013-06-29;Sábado;14:00:00;SP;116;214.0;GUARULHOS;Outras;Colisão lateral;Sem Vítimas;Pleno dia;Crescente;Sol;Múltipla;Reta;Urbano;2;2
1324213;2013-06-29;Sábado;23:00:00;SP;116;216.0;GUARULHOS;Outras;Colisão com objeto móvel;Com Vítimas Feridas;Plena noite;Crescente;Nublado;Múltipla;Reta;Urbano;2;1
1324247;2013-07-02;Terça;12:45:00;SP;116;165.0;JACAREI;Outras;Colisão traseira;Sem Vítimas;Pleno dia;Decrescente;Nublado;Múltipla;Reta;Urbano;3;3
1324341;2013-07-01;Segunda;17:00:00;SP;116;180.7;GUARAREMA;Outras;Saída de Pista;Sem Vítimas;Pleno dia;Crescente;Chuva;Dupla;Reta;Rural;1;1
1324369;2013-06-19;Quarta;13:40:00;SP;116;154.0;SAO JOSE DOS CAMPOS;Velocidade incompatível;Capotamento;Sem Vítimas;Pleno dia;Decrescente;Ceu Claro;Simples;Reta;Urbano;1;1
1324381;2013-07-02;Terça;17:35:00;SP;116;218.5;GUARULHOS;Desobediência à sinalização;Colisão lateral;Sem Vítimas;Anoitecer;Crescente;Nublado;Múltipla;Reta;Urbano;2;2
1324391;2013-06-29;Sábado;00:30:00;SP;116;221.0;GUARULHOS;Ultrapassagem indevida;Colisão lateral;Sem Vítimas;Plena noite;Decrescente;Ceu Claro;Múltipla;Reta;Urbano;2;2
1324482;2013-07-02;Terça;16:00:00;SP;116;202.0;ARUJA;Outras;Colisão com objeto móvel;Sem Vítimas;Pleno dia;Decrescente;Nublado;Dupla;Reta;Urbano;2;2
1324506;2013-06-24;Segunda;08:04:00;SP;116;228.0;SAO PAULO;Não guardar distância de segurança;Colisão traseira;Sem Vítimas;Pleno dia;Decrescente;Ceu Claro;Múltipla;Reta;Urbano;2;2
1324670;2013-07-03;Quarta;10:30:00;SP;116;229.0;SAO PAULO;Falta de atenção;Colisão traseira;Sem Vítimas;Pleno dia;Crescente;Ceu Claro;Múltipla;Reta;Urbano;5;5
1324742;2013-06-29;Sábado;20:40:00;SP;116;144.0;SAO JOSE DOS CAMPOS;Falta de atenção;Queda de motocicleta / bicicleta / veículo;Com Vítimas Feridas;Plena noite;Crescente;Nublado;Múltipla;Curva;Urbano;1;1
1324765;2013-06-30;Domingo;19:00:00;SP;116;205.0;GUARULHOS;Outras;Saída de Pista;Sem Vítimas;Plena noite;Crescente;Ceu Claro;Dupla;Reta;Urbano;1;1
1324790;2013-06-30;Domingo;18:58:00;SP;116;165.0;JACAREI;Não guardar distância de segurança;Colisão lateral;Sem Vítimas;Anoitecer;Decrescente;Ceu Claro;Múltipla;Reta;Rural;2;2
1324793;2013-07-02;Terça;15:00:00;SP;116;217.2;GUARULHOS;Falta de atenção;Colisão lateral;Sem Vítimas;Pleno dia;Decrescente;Nublado;Múltipla;Reta;Urbano;2;2
1324800;2013-07-02;Terça;06:30:00;SP;116;218.0;GUARULHOS;Falta de atenção;Colisão lateral;Com Vítimas Feridas;Amanhecer;Decrescente;Nublado;Múltipla;Reta;Urbano;2;2
1324841;2013-07-01;Segunda;17:30:00;SP;116;157.8;SAO JOSE DOS CAMPOS;Falta de atenção;Colisão traseira;Sem Vítimas;Pleno dia;Crescente;Nublado;Múltipla;Reta;Urbano;2;2
1324849;2013-06-20;Quinta;08:50:00;SP;116;145.3;SAO JOSE DOS CAMPOS;Velocidade incompatível;Colisão traseira;Sem Vítimas;Pleno dia;Crescente;Chuva;Múltipla;Reta;Urbano;2;2
1324866;2013-06-30;Domingo;16:30:00;SP;116;219.0;GUARULHOS;Falta de atenção;Capotamento;Sem Vítimas;Pleno dia;Crescente;Chuva;Simples;Curva;Urbano;1;1
1325072;2013-07-04;Quinta;09:45:00;SP;116;145.0;SAO JOSE DOS CAMPOS;Outras;Colisão com objeto fixo;Sem Vítimas;Pleno dia;Crescente;Sol;Dupla;Reta;Urbano;1;1
1325081;2013-07-01;Segunda;13:00:00;SP;116;112.5;TAUBATE;Outras;Colisão com objeto fixo;Com Vítimas Feridas;Pleno dia;Crescente;Nublado;Dupla;Reta;Urbano;1;1
1325207;2013-06-29;Sábado;10:00:00;SP;116;215.0;GUARULHOS;Falta de atenção;Colisão traseira;Sem Vítimas;Pleno dia;Crescente;Nublado;Simples;Reta;Urbano;2;2
1325225;2013-07-03;Quarta;12:00:00;SP;116;229.0;SAO PAULO;Outras;Colisão traseira;Sem Vítimas;Pleno dia;Crescente;Nublado;Simples;Reta;Urbano;3;3
1325228;2013-06-29;Sábado;21:30:00;SP;116;216.0;GUARULHOS;Falta de atenção;Colisão com objeto fixo;Sem Vítimas;Anoitecer;Crescente;Chuva;Múltipla;Reta;Urbano;2;2
1325260;2013-06-22;Sábado;00:15:00;SP;116;205.0;GUARULHOS;Outras;Colisão traseira;Com Vítimas Fatais;Plena noite;Decrescente;Nublado;Simples;Reta;Urbano;2;2
1325269;2013-07-01;Segunda;06:10:00;SP;116;153.7;SAO JOSE DOS CAMPOS;Falta de atenção;Saída de Pista;Sem Vítimas;Amanhecer;Crescente;Nublado;Simples;Reta;Urbano;1;1
1325362;2013-07-01;Segunda;02:30:00;SP;116;185.7;SANTA ISABEL;Outras;Saída de Pista;Com Vítimas Feridas;Plena noite;Crescente;Chuva;Simples;Curva;Rural;4;1
1325427;2013-07-01;Segunda;00:10:00;SP;116;204.0;ARUJA;Outras;Colisão traseira;Sem Vítimas;Plena noite;Decrescente;Ceu Claro;Dupla;Reta;Urbano;2;2
1325460;2013-07-01;Segunda;19:39:00;SP;116;177.2;GUARAREMA;Outras;Atropelamento de pessoa;Com Vítimas Fatais;Plena noite;Decrescente;Chuva;Dupla;Reta;Rural;2;1
1325473;2013-06-30;Domingo;15:40:00;SP;116;137.5;SAO JOSE DOS CAMPOS;Falta de atenção;Colisão lateral;Sem Vítimas;Pleno dia;Crescente;Ceu Claro;Dupla;Reta;Urbano;2;2
1325517;2013-07-04;Quinta;18:30:00;SP;116;210.0;GUARULHOS;Não guardar distância de segurança;Colisão lateral;Com Vítimas Feridas;Plena noite;Crescente;Nublado;Múltipla;Reta;Urbano;2;2
1325528;2013-07-04;Quinta;12:00:00;SP;116;221.0;GUARULHOS;Não guardar distância de segurança;Colisão traseira;Sem Vítimas;Pleno dia;Decrescente;Ceu Claro;Múltipla;Reta;Rural;3;3
1325605;2013-07-05;Sexta;08:40:00;SP;116;113.0;TAUBATE;Falta de atenção;Colisão traseira;Sem Vítimas;Pleno dia;Crescente;Ceu Claro;Dupla;Reta;Urbano;3;2
1325610;2013-07-05;Sexta;09:25:00;SP;116;108.2;TAUBATE;Falta de atenção;Colisão traseira;Com Vítimas Feridas;Pleno dia;Decrescente;Sol;Dupla;Reta;Urbano;2;2
1325708;2013-07-05;Sexta;08:50:00;SP;116;219.0;GUARULHOS;Falta de atenção;Colisão lateral;Com Vítimas Feridas;Pleno dia;Crescente;Ceu Claro;Múltipla;Reta;Urbano;2;2
1325801;2013-07-05;Sexta;12:30:00;SP;116;219.0;GUARULHOS;Não guardar distância de segurança;Colisão traseira;Com Vítimas Fatais;Pleno dia;Crescente;Ceu Claro;Múltipla;Reta;Urbano;4;3