id;data_inversa;dia_semana;horario;uf;br;km;municipio;causa_acidente;tipo_acidente;classificacao_acidente;fase_dia;sentido_via;condicao_metereologica;tipo_pista;tracado_via;uso_solo;pessoas;veiculos
1325844;2013-07-05;Sexta;18:45:00;SP;116;122.0;CACAPAVA;Ingestão de álcool;Colisão traseira;Sem Vítimas;Plena noite;Decrescente;Ceu Claro;Dupla;Reta;Rural;2;2
1325947;2013-06-27;Quinta;14:45:00;SP;116;219.0;GUARULHOS;Não guardar distância de segurança;Colisão lateral;Sem Vítimas;Pleno dia;Crescente;Nublado;Simples;Curva;Urbano;2;2
1326091;2013-07-05;Sexta;03:30:00;SP;116;149.0;SAO JOSE DOS CAMPOS;Falta de atenção;Colisão lateral;Sem Vítimas;Plena noite;Crescente;Ceu Claro;Múltipla;Reta;Urbano;2;2
1326092;2013-07-03;Quarta;22:35:00;SP;116;168.0;JACAREI;Falta de atenção;Colisão lateral;Sem Vítimas;Plena noite;Crescente;Ceu Claro;Dupla;Reta;Rural;2;2
1326106;2013-07-04;Quinta;15:10:00;SP;116;151.5;SAO JOSE DOS CAMPOS;Não guardar distância de segurança;Colisão traseira;Sem Vítimas;Pleno dia;Decrescente;Sol;Múltipla;Reta;Urbano;2;2
1326114;2013-07-06;Sábado;09:20:00;SP;116;159.6;JACAREI;Não guardar distância de segurança;Colisão traseira;Sem Vítimas;Pleno dia;Decrescente;Sol;Dupla;Reta;Urbano;2;2
1326140;2013-07-06;Sábado;11:00:00;SP;116;155.0;SAO JOSE DOS CAMPOS;Defeito mecânico em veículo;Colisão traseira;Sem Vítimas;Pleno dia;Decrescente;Sol;Dupla;Reta;Urbano;3;3
1326201;2013-07-06;Sábado;10:15:00;SP;116;197.0;ARUJA;Velocidade incompatível;Colisão traseira;Sem Vítimas;Pleno dia;Crescente;Ceu Claro;Dupla;Reta;Urbano;3;3
1326214;2013-07-06;Sábado;14:00:00;SP;116;145.7;SAO JOSE DOS CAMPOS;Outras;Saída de Pista;Com Vítimas Feridas;Pleno dia;Decrescente;Sol;Dupla;Reta;Urbano;3;3
1326217;2013-07-06;Sábado;12:40:00;SP;116;219.0;GUARULHOS;Ultrapassagem indevida;Colisão lateral;Sem Vítimas;Pleno dia;Decrescente;Ceu Claro;Dupla;Reta;Urbano;2;2
1326226;2013-07-04;Quinta;11:20:00;SP;116;201.7;ARUJA;Outras;Atropelamento de pessoa;Com Vítimas Fatais;Pleno dia;Crescente;Ceu Claro;Múltipla;Reta;Urbano;2;1
1326247;2013-07-04;Quinta;21:10:00;SP;116;226.0;GUARULHOS;Desobediência à sinalização;Atropelamento de pessoa;Com Vítimas Feridas;Plena noite;Decrescente;Ceu Claro;Múltipla;Reta;Urbano;2;1
1326251;2013-07-06;Sábado;08:30:00;SP;116;124.3;CACAPAVA;Não guardar distância de segurança;Colisão traseira;Sem Vítimas;Pleno dia;Decrescente;Ceu Claro;Múltipla;Reta;Rural;2;2
1326255;2013-07-05;Sexta;07:46:00;SP;116;144.2;SAO JOSE DOS CAMPOS;Não guardar distância de segurança;Colisão traseira;Sem Vítimas;Pleno dia;Decrescente;Sol;Dupla;Reta;Urbano;6;6
1326287;2013-07-06;Sábado;15:30:00;SP;116;202.0;ARUJA;Falta de atenção;Colisão traseira;Sem Vítimas;Pleno dia;Decrescente;Ceu Claro;Múltipla;Reta;Urbano;2;2
1326328;2013-07-06;Sábado;10:40:00;SP;116;126.6;CACAPAVA;Não guardar distância de segurança;Colisão traseira;Sem Vítimas;Pleno dia;Decrescente;Ceu Claro;Múltipla;Reta;Rural;7;7
1326375;2013-07-06;Sábado;10:10:00;SP;116;121.7;CACAPAVA;Não guardar distância de segurança;Colisão traseira;Sem Vítimas;Pleno dia;Decrescente;Ceu Claro;Dupla;Reta;Rural;2;2
1326393;2013-07-06;Sábado;11:50:00;SP;116;156.1;SAO JOSE DOS CAMPOS;Falta de atenção;Colisão traseira;Sem Vítimas;Pleno dia;Decrescente;Sol;Múltipla;Reta;Urbano;2;2
1326408;2013-07-06;Sábado;18:52:00;SP;116;152.8;SAO JOSE DOS CAMPOS;Não guardar distância de segurança;Colisão traseira;Sem Vítimas;Anoitecer;Decrescente;Ceu Claro;Dupla;Reta;Urbano;2;2
1326411;2013-07-06;Sábado;18:55:00;SP;116;152.8;SAO JOSE DOS CAMPOS;Falta de atenção;Colisão traseira;Sem Vítimas;Anoitecer;Decrescente;Ceu Claro;Múltipla;Reta;Urbano;2;2
1326420;2013-07-06;Sábado;11:34:00;SP;116;131.0;CACAPAVA;Não guardar distância de segurança;Colisão traseira;Sem Vítimas;Pleno dia;Decrescente;Ceu Claro;Dupla;Reta;Urbano;4;4
1326527;2013-07-06;Sábado;21:00:00;SP;116;227.0;GUARULHOS;Outras;Queda de motocicleta / bicicleta / veículo;Com Vítimas Feridas;Plena noite;Crescente;Ceu Claro;Múltipla;Reta;Urbano;2;2
1326552;2013-07-06;Sábado;08:30:00;SP;116;173.9;GUARAREMA;Outras;Queda de motocicleta / bicicleta / veículo;Com Vítimas Feridas;Pleno dia;Crescente;Nevoeiro/neblina;Simples;Curva;Urbano;1;1
1326558;2013-07-06;Sábado;11:40:00;SP;116;157.0;SAO JOSE DOS CAMPOS;Falta de atenção;Colisão traseira;Sem Vítimas;Pleno dia;Decrescente;Ceu Claro;Dupla;Reta;Urbano;3;3
1326649;2013-07-07;Domingo;09:40:00;SP;116;101.0;PINDAMONHANGABA;Outras;Colisão traseira;Sem Vítimas;Pleno dia;Decrescente;Ceu Claro;Dupla;Reta;Urbano;3;3
1326670;2013-07-05;Sexta;16:00:00;SP;116;113.8;TAUBATE;Não guardar distância de segurança;Colisão traseira;Sem Vítimas;Pleno dia;Decrescente;Nublado;Dupla;Reta;Rural;6;6
1326719;2013-07-04;Quinta;14:40:00;SP;116;219.0;GUARULHOS;Falta de atenção;Colisão lateral;Sem Vítimas;Pleno dia;Crescente;Sol;Múltipla;Reta;Urbano;2;2
1326723;2013-07-05;Sexta;06:15:00;SP;116;208.5;GUARULHOS;Não guardar distância de segurança;Colisão traseira;Sem Vítimas;Amanhecer;Crescente;Ignorada;Múltipla;Reta;Urbano;2;2
1326769;2013-07-01;Segunda;18:40:00;SP;116;227.0;GUARULHOS;Não guardar distância de segurança;Colisão lateral;Com Vítimas Feridas;Plena noite;Decrescente;Chuva;Múltipla;Reta;Urbano;2;2
1326771;2013-07-07;Domingo;11:20:00;SP;116;121.0;CACAPAVA;Outras;Colisão traseira;Sem Vítimas;Pleno dia;Crescente;Ceu Claro;Dupla;Reta;Rural;3;3
1326788;2013-07-07;Domingo;09:45:00;SP;116;115.7;PINDAMONHANGABA;Outras;Colisão traseira;Sem Vítimas;Pleno dia;Decrescente;Ceu Claro;Dupla;Reta;Urbano;4;4
1326811;2013-06-29;Sábado;22:00:00;SP;116;214.7;GUARULHOS;Falta de atenção;Colisão com objeto fixo;Sem Vítimas;Plena noite;Decrescente;Chuva;Múltipla;Reta;Urbano;1;1
1326864;2013-07-05;Sexta;16:00:00;SP;116;148.0;SAO JOSE DOS CAMPOS;Falta de atenção;Colisão traseira;Sem Vítimas;Pleno dia;Crescente;Sol;Dupla;Reta;Urbano;2;2
1326878;2013-07-06;Sábado;06:00:00;SP;116;155.0;SAO JOSE DOS CAMPOS;Outras;Colisão traseira;Sem Vítimas;Amanhecer;Crescente;Nublado;Dupla;Reta;Urbano;3;3
1326900;2013-07-06;Sábado;06:02:00;SP;116;155.1;SAO JOSE DOS CAMPOS;Outras;Colisão traseira;Sem Vítimas;Amanhecer;Crescente;Nublado;Dupla;Reta;Urbano;2;2
1326907;2013-07-06;Sábado;08:00:00;SP;116;143.6;SAO JOSE DOS CAMPOS;Outras;Capotamento;Sem Vítimas;Pleno dia;Crescente;Nublado;Dupla;Reta;Urbano;1;1
1327071;2013-07-04;Quinta;18:15:00;SP;116;220.0;GUARULHOS;Não guardar distância de segurança;Colisão traseira;Sem Vítimas;Plena noite;Crescente;Nublado;Simples;Reta;Urbano;4;4
1327212;2013-07-08;Segunda;11:30:00;SP;116;212.0;GUARULHOS;Outras;Colisão com objeto móvel;Sem Vítimas;Pleno dia;Crescente;Nublado;Múltipla;Reta;Urbano;1;1
1327226;2013-07-06;Sábado;09:30:00;SP;116;196.0;ARUJA;Defeito mecânico em veículo;Capotamento;Com Vítimas Feridas;Pleno dia;Crescente;Ceu Claro;Dupla;Curva;Rural;2;1
1327265;2013-07-08;Segunda;13:30:00;SP;116;219.0;GUARULHOS;Não guardar distância de segurança;Colisão traseira;Sem Vítimas;Pleno dia;Crescente;Ceu Claro;Simples;Curva;Urbano;2;2
1327273;2013-07-08;Segunda;14:40:00;SP;116;145.7;SAO JOSE DOS CAMPOS;Não guardar distância de segurança;Colisão traseira;Sem Vítimas;Pleno dia;Crescente;Nublado;Múltipla;Reta;Urbano;2;2
1327285;2013-07-06;Sábado;00:01:00;SP;116;165.0;JACAREI;Falta de atenção;Colisão traseira;Sem Vítimas;Plena noite;Crescente;Ceu Claro;Múltipla;Reta;Rural;2;2
1327387;2013-07-05;Sexta;05:30:00;SP;116;113.6;TAUBATE;Outras;Atropelamento de pessoa;Com Vítimas Feridas;Plena noite;Crescente;Ceu Claro;Múltipla;Reta;Urbano;2;1
1327420;2013-07-08;Segunda;18:20:00;SP;116;116.0;TAUBATE;Não guardar distância de segurança;Colisão traseira;Sem Vítimas;Plena noite;Crescente;Chuva;Dupla;Reta;Urbano;2;2
1327455;2013-07-08;Segunda;19:20:00;SP;116;214.0;GUARULHOS;Não guardar distância de segurança;Colisão traseira;Sem Vítimas;Plena noite;Decrescente;Ceu Claro;Múltipla;Reta;Urbano;2;2
1327456;2013-07-08;Segunda;15:10:00;SP;116;145.2;SAO JOSE DOS CAMPOS;Não guardar distância de segurança;Colisão traseira;Com Vítimas Feridas;Pleno dia;Decrescente;Ceu Claro;Dupla;Reta;Urbano;2;2
1327473;2013-07-08;Segunda;20:50:00;SP;116;147.3;SAO JOSE DOS CAMPOS;Não guardar distância de segurança;Colisão traseira;Sem Vítimas;Plena noite;Decrescente;Nublado;Múltipla;Reta;Urbano;3;3
1327512;2013-07-08;Segunda;05:45:00;SP;116;211.0;GUARULHOS;Outras;Capotamento;Com Vítimas Feridas;Amanhecer;Decrescente;Nublado;Múltipla;Reta;Urbano;1;1
1327513;2013-07-08;Segunda;15:40:00;SP;116;155.5;SAO JOSE DOS CAMPOS;Falta de atenção;Colisão lateral;Sem Vítimas;Pleno dia;Decrescente;Ceu Claro;Dupla;Reta;Urbano;2;2
1327787;2013-07-05;Sexta;17:05:00;SP;116;214.0;GUARULHOS;Defeito mecânico em veículo;Queda de motocicleta / bicicleta / veículo;Com Vítimas Fatais;Pleno dia;Decrescente;Ceu Claro;Múltipla;Reta;Urbano;2;2
1327811;2013-07-09;Terça;18:00:00;SP;116;221.0;GUARULHOS;Desobediência à sinalização;Colisão Transversal;Sem Vítimas;Plena noite;Crescente;Nublado;Múltipla;Cruzamento;Urbano;2;2
1327840;2013-07-08;Segunda;16:50:00;SP;116;216.0;GUARULHOS;Outras;Derramamento de Carga;Sem Vítimas;Pleno dia;Crescente;Nublado;Simples;Curva;Urbano;1;1
1327847;2013-07-05;Sexta;07:40:00;SP;116;203.0;ARUJA;Falta de atenção;Colisão lateral;Sem Vítimas;Pleno dia;Decrescente;Nublado;Dupla;Reta;Urbano;2;2
1327856;2013-07-05;Sexta;11:40:00;SP;116;221.0;GUARULHOS;Falta de atenção;Colisão traseira;Com Vítimas Feridas;Pleno dia;Decrescente;Sol;Múltipla;Reta;Urbano;4;3
1327892;2013-07-06;Sábado;03:20:00;SP;116;213.5;GUARULHOS;Ingestão de álcool;Colisão traseira;Sem Vítimas;Plena noite;Decrescente;Nublado;Múltipla;Reta;Urbano;2;2
1327912;2013-07-09;Terça;18:15:00;SP;116;222.0;GUARULHOS;Outras;Queda de motocicleta / bicicleta / veículo;Com Vítimas Feridas;Anoitecer;Decrescente;Nublado;Múltipla;Reta;Urbano;1;1
1327916;2013-07-01;Segunda;10:50:00;SP;116;209.0;GUARULHOS;Falta de atenção;Colisão lateral;Sem Vítimas;Pleno dia;Decrescente;Ceu Claro;Dupla;Reta;Urbano;2;2
1327944;2013-07-05;Sexta;16:45:00;SP;116;122.5;CACAPAVA;Falta de atenção;Colisão traseira;Com Vítimas Feridas;Pleno dia;Decrescente;Sol;Dupla;Reta;Rural;5;4
1327962;2013-07-01;Segunda;15:00:00;SP;116;213.0;GUARULHOS;Não guardar distância de segurança;Colisão traseira;Sem Vítimas;Pleno dia;Decrescente;Chuva;Múltipla;Reta;Urbano;2;2
1328035;2013-07-07;Domingo;06:10:00;SP;116;116.5;TAUBATE;Outras;Capotamento;Com Vítimas Feridas;Amanhecer;Crescente;Nevoeiro/neblina;Dupla;Reta;Rural;2;1
1328079;2013-07-07;Domingo;00:40:00;SP;116;213.0;GUARULHOS;Defeito mecânico em veículo;Capotamento;Sem Vítimas;Plena noite;Decrescente;Nublado;Múltipla;Reta;Urbano;1;1
1328110;2013-07-01;Segunda;18:00:00;SP;116;224.3;GUARULHOS;Não guardar distância de segurança;Colisão traseira;Sem Vítimas;Anoitecer;Decrescente;Chuva;Múltipla;Reta;Urbano;2;2
1328261;2013-07-08;Segunda;20:10:00;SP;116;208.0;GUARULHOS;Falta de atenção;Atropelamento de pessoa;Com Vítimas Feridas;Plena noite;Decrescente;Ceu Claro;Múltipla;Reta;Urbano;2;1
1328302;2013-07-09;Terça;17:00:00;SP;116;109.8;TAUBATE;Não guardar distância de segurança;Colisão traseira;Sem Vítimas;Pleno dia;Crescente;Chuva;Dupla;Reta;Urbano;2;2
1328329;2013-07-09;Terça;23:40:00;SP;116;204.0;ARUJA;Ingestão de álcool;Colisão lateral;Sem Vítimas;Plena noite;Crescente;Ceu Claro;Dupla;Reta;Urbano;2;2
1328338;2013-07-10;Quarta;06:50:00;SP;116;224.4;GUARULHOS;Não guardar distância de segurança;Colisão traseira;Sem Vítimas;Pleno dia;Crescente;Ceu Claro;Múltipla;Reta;Urbano;3;3
1328390;2013-07-10;Quarta;11:40:00;SP;116;212.9;GUARULHOS;Outras;Colisão traseira;Sem Vítimas;Pleno dia;Crescente;Sol;Múltipla;Reta;Urbano;3;3
1328441;2013-07-10;Quarta;14:40:00;SP;116;226.0;GUARULHOS;Não guardar distância de segurança;Colisão traseira;Com Vítimas Feridas;Pleno dia;Crescente;Ceu Claro;Múltipla;Reta;Urbano;2;2
1328452;2013-07-07;Domingo;03:00:00;SP;116;120.8;CACAPAVA;Defeito mecânico em veículo;Queda de motocicleta / bicicleta / veículo;Com Vítimas Feridas;Plena noite;Crescente;Ceu Claro;Múltipla;Reta;Rural;2;1
1328491;2013-07-07;Domingo;05:30:00;SP;116;145.8;SAO JOSE DOS CAMPOS;Outras;Atropelamento de pessoa;Com Vítimas Feridas;Plena noite;Decrescente;Nevoeiro/neblina;Múltipla;Reta;Urbano;2;1
1328662;2013-06-25;Terça;15:00:00;SP;116;187.3;GUARAREMA;Falta de atenção;Colisão com objeto fixo;Sem Vítimas;Pleno dia;Crescente;Chuva;Dupla;Curva;Rural;1;1
1328673;2013-06-22;Sábado;01:00:00;SP;116;174.0;JACAREI;Falta de atenção;Colisão traseira;Sem Vítimas;Plena noite;Crescente;Nublado;Dupla;Reta;Rural;2;2
1328696;2013-06-25;Terça;19:00:00;SP;116;192.8;SANTA ISABEL;Falta de atenção;Colisão traseira;Sem Vítimas;Plena noite;Crescente;Nublado;Dupla;Curva;Rural;2;2
1328747;2013-07-08;Segunda;20:50:00;SP;116;212.0;GUARULHOS;Velocidade incompatível;Tombamento;Com Vítimas Feridas;Plena noite;Crescente;Ceu Claro;Múltipla;Curva;Urbano;1;1
1328787;2013-07-05;Sexta;11:15:00;SP;116;219.0;GUARULHOS;Não guardar distância de segurança;Colisão traseira;Sem Vítimas;Pleno dia;Crescente;Sol;Múltipla;Reta;Urbano;2;2
1328813;2013-07-06;Sábado;04:00:00;SP;116;213.4;GUARULHOS;Outras;Saída de Pista;Com Vítimas Feridas;Plena noite;Decrescente;Nublado;Múltipla;Reta;Urbano;1;1
1328885;2013-07-09;Terça;21:40:00;SP;116;104.3;TAUBATE;Falta de atenção;Colisão lateral;Sem Vítimas;Plena noite;Crescente;Nublado;Dupla;Reta;Rural;2;2
1328915;2013-07-09;Terça;04:10:00;SP;116;124.9;CACAPAVA;Desobediência à sinalização;Colisão traseira;Com Vítimas Fatais;Plena noite;Crescente;Ceu Claro;Dupla;Reta;Urbano;4;2
1328926;2013-07-11;Quinta;14:00:00;SP;116;216.0;GUARULHOS;Falta de atenção;Colisão lateral;Sem Vítimas;Pleno dia;Crescente;Ceu Claro;Múltipla;Cruzamento;Urbano;2;2
1328987;2013-07-03;Quarta;11:50:00;SP;116;187.1;SANTA ISABEL;Outras;Saída de Pista;Com Vítimas Feridas;Pleno dia;Decrescente;Ceu Claro;Dupla;Curva;Rural;2;1
1329025;2013-07-09;Terça;06:00:00;SP;116;220.0;GUARULHOS;Não guardar distância de segurança;Colisão traseira;Com Vítimas Feridas;Amanhecer;Decrescente;Chuva;Múltipla;Reta;Urbano;3;3
1329031;2013-07-07;Domingo;15:30:00;SP;116;193.0;SANTA ISABEL;Outras;Colisão com objeto móvel;Sem Vítimas;Pleno dia;Decrescente;Ceu Claro;Dupla;Reta;Rural;1;1
1329181;2013-07-08;Segunda;05:50:00;SP;116;193.0;SANTA ISABEL;Animais na Pista;Colisão Transversal;Sem Vítimas;Pleno dia;Decrescente;Nevoeiro/neblina;Dupla;Curva;Urbano;2;2
1329187;2013-07-08;Segunda;14:00:00;SP;116;215.0;GUARULHOS;Ingestão de álcool;Colisão com objeto fixo;Com Vítimas Feridas;Pleno dia;Crescente;Ceu Claro;Simples;Reta;Urbano;2;1
1329293;2013-07-10;Quarta;13:15:00;SP;116;227.0;GUARULHOS;Animais na Pista;Colisão traseira;Sem Vítimas;Pleno dia;Crescente;Ceu Claro;Múltipla;Curva;Urbano;3;3
1329297;2013-07-06;Sábado;13:00:00;SP;116;115.5;TAUBATE;Não guardar distância de segurança;Colisão traseira;Sem Vítimas;Pleno dia;Decrescente;Sol;Dupla;Reta;Urbano;3;3
1329338;2013-07-08;Segunda;23:30:00;SP;116;206.0;GUARULHOS;Outras;Colisão com objeto móvel;Sem Vítimas;Plena noite;Decrescente;Ignorada;Simples;Reta;Rural;1;1
1329356;2013-07-06;Sábado;07:50:00;SP;116;158.0;JACAREI;Falta de atenção;Colisão traseira;Com Vítimas Feridas;Pleno dia;Decrescente;Nublado;Múltipla;Reta;Rural;3;2
1329371;2013-07-08;Segunda;18:40:00;SP;116;102.9;PINDAMONHANGABA;Outras;Colisão com objeto fixo;Sem Vítimas;Plena noite;Decrescente;Ignorada;Dupla;Reta;Rural;1;1
1329399;2013-07-06;Sábado;09:15:00;SP;116;125.5;CACAPAVA;Não guardar distância de segurança;Colisão traseira;Sem Vítimas;Pleno dia;Decrescente;Sol;Dupla;Reta;Urbano;2;2
1329422;2013-07-07;Domingo;07:48:00;SP;116;147.4;SAO JOSE DOS CAMPOS;Falta de atenção;Colisão com objeto fixo;Sem Vítimas;Pleno dia;Decrescente;Ceu Claro;Dupla;Reta;Urbano;1;1
1329454;2013-07-09;Terça;17:50:00;SP;116;112.0;TAUBATE;Falta de atenção;Colisão traseira;Sem Vítimas;Anoitecer;Crescente;Nublado;Simples;Reta;Urbano;3;3
1329496;2013-07-12;Sexta;08:45:00;SP;116;142.8;SAO JOSE DOS CAMPOS;Não guardar distância de segurança;Colisão traseira;Sem Vítimas;Pleno dia;Decrescente;Sol;Dupla;Reta;Urbano;2;2
1329528;2013-07-12;Sexta;09:45:00;SP;116;146.0;SAO JOSE DOS CAMPOS;Falta de atenção;Colisão lateral;Sem Vítimas;Pleno dia;Crescente;Sol;Múltipla;Reta;Urbano;2;2
1329577;2013-07-10;Quarta;15:10:00;SP;116;210.0;GUARULHOS;Não guardar distância de segurança;Colisão traseira;Sem Vítimas;Pleno dia;Decrescente;Ceu Claro;Múltipla;Reta;Urbano;4;4
1329589;2013-07-12;Sexta;17:20:00;SP;116;156.7;SAO JOSE DOS CAMPOS;Velocidade incompatível;Colisão traseira;Sem Vítimas;Pleno dia;Crescente;Ceu Claro;Dupla;Reta;Urbano;2;2
1329596;2013-07-08;Segunda;09:15:00;SP;116;180.8;GUARAREMA;Não guardar distância de segurança;Colisão traseira;Sem Vítimas;Pleno dia;Crescente;Nublado;Múltipla;Reta;Rural;2;2
1329619;2013-07-12;Sexta;17:20:00;SP;116;158.2;JACAREI;Falta de atenção;Colisão traseira;Sem Vítimas;Pleno dia;Crescente;Ceu Claro;Dupla;Reta;Urbano;2;2
1329639;2013-07-10;Quarta;12:40:00;SP;116;227.0;GUARULHOS;Falta de atenção;Colisão lateral;Com Vítimas Feridas;Pleno dia;Crescente;Ceu Claro;Múltipla;Reta;Urbano;2;2
1329699;2013-07-12;Sexta;17:50:00;SP;116;154.9;SAO JOSE DOS CAMPOS;Não guardar distância de segurança;Colisão traseira;Sem Vítimas;Pleno dia;Crescente;Ceu Claro;Dupla;Reta;Urbano;4;4
1329715;2013-07-12;Sexta;06:00:00;SP;116;130.5;CACAPAVA;Outras;Colisão traseira;Com Vítimas Feridas;Amanhecer;Decrescente;Ceu Claro;Dupla;Reta;Urbano;3;2
1329724;2013-07-12;Sexta;18:06:00;SP;116;150.0;SAO JOSE DOS CAMPOS;Falta de atenção;Colisão traseira;Sem Vítimas;Anoitecer;Crescente;Ceu Claro;Dupla;Reta;Urbano;3;3
1329929;2013-07-05;Sexta;06:50:00;SP;116;228.0;GUARULHOS;Não guardar distância de segurança;Colisão lateral;Com Vítimas Feridas;Pleno dia;Crescente;Ceu Claro;Múltipla;Reta;Urbano;2;2
1329948;2013-07-06;Sábado;05:50:00;SP;116;223.0;GUARULHOS;Dormindo;Colisão lateral;Sem Vítimas;Amanhecer;Decrescente;Ceu Claro;Múltipla;Reta;Urbano;2;2
1329974;2013-07-11;Quinta;00:05:00;SP;116;228.0;SAO PAULO;Falta de atenção;Atropelamento de pessoa;Com Vítimas Fatais;Plena noite;Decrescente;Ceu Claro;Múltipla;Reta;Urbano;2;1
1330110;2013-07-05;Sexta;08:45:00;SP;116;223.0;GUARULHOS;Não guardar distância de segurança;Colisão traseira;Sem Vítimas;Pleno dia;Crescente;Ceu Claro;Múltipla;Reta;Urbano;2;2
1330132;2013-07-13;Sábado;07:55:00;SP;116;115.0;TAUBATE;Outras;Colisão traseira;Sem Vítimas;Pleno dia;Decrescente;Ceu Claro;Dupla;Reta;Urbano;3;3
1330141;2013-07-05;Sexta;13:20:00;SP;116;222.0;GUARULHOS;Desobediência à sinalização;Colisão traseira;Sem Vítimas;Pleno dia;Crescente;Ceu Claro;Múltipla;Reta;Urbano;2;2
1330148;2013-07-05;Sexta;22:10:00;SP;116;221.0;GUARULHOS;Falta de atenção;Colisão traseira;Sem Vítimas;Plena noite;Crescente;Nublado;Múltipla;Reta;Urbano;2;2
1330185;2013-07-10;Quarta;03:00:00;SP;116;129.2;CACAPAVA;Outras;Colisão traseira;Com Vítimas Feridas;Plena noite;Decrescente;Nublado;Dupla;Reta;Urbano;3;2
1330225;2013-07-13;Sábado;09:00:00;SP;116;142.5;SAO JOSE DOS CAMPOS;Falta de atenção;Colisão lateral;Sem Vítimas;Pleno dia;Decrescente;Ceu Claro;Dupla;Reta;Urbano;2;2
1330251;2013-07-13;Sábado;16:30:00;SP;116;227.0;SAO PAULO;Não guardar distância de segurança;Colisão lateral;Sem Vítimas;Pleno dia;Crescente;Sol;Múltipla;Reta;Urbano;2;2
1330362;2013-07-13;Sábado;23:00:00;SP;116;217.9;GUARULHOS;Velocidade incompatível;Colisão lateral;Sem Vítimas;Plena noite;Crescente;Ceu Claro;Múltipla;Reta;Urbano;2;2
1330410;2013-07-11;Quinta;06:30:00;SP;116;136.6;SAO JOSE DOS CAMPOS;Outras;Capotamento;Com Vítimas Feridas;Pleno dia;Crescente;Sol;Dupla;Reta;Urbano;2;1
1330418;2013-07-05;Sexta;10:30:00;SP;116;228.0;SAO PAULO;Falta de atenção;Colisão lateral;Sem Vítimas;Pleno dia;Crescente;Ceu Claro;Múltipla;Reta;Urbano;2;2
1330424;2013-07-06;Sábado;04:10:00;SP;116;223.0;GUARULHOS;Ultrapassagem indevida;Colisão traseira;Sem Vítimas;Amanhecer;Decrescente;Ignorada;Múltipla;Reta;Urbano;4;4
1330447;2013-07-13;Sábado;06:00:00;SP;116;156.1;SAO JOSE DOS CAMPOS;Dormindo;Capotamento;Sem Vítimas;Amanhecer;Crescente;Ceu Claro;Dupla;Reta;Urbano;1;1
1330483;2013-07-10;Quarta;18:40:00;SP;116;150.0;SAO JOSE DOS CAMPOS;Outras;Colisão lateral;Com Vítimas Feridas;Anoitecer;Decrescente;Ceu Claro;Dupla;Reta;Urbano;3;3
1330533;2013-07-14;Domingo;12:29:00;SP;116;165.0;JACAREI;Falta de atenção;Colisão lateral;Sem Vítimas;Pleno dia;Decrescente;Ceu Claro;Dupla;Reta;Rural;2;2
1330592;2013-07-10;Quarta;19:45:00;SP;116;227.0;GUARULHOS;Falta de atenção;Colisão traseira;Sem Vítimas;Anoitecer;Decrescente;Ceu Claro;Múltipla;Reta;Urbano;3;3
1330625;2013-07-14;Domingo;15:20:00;SP;116;194.7;SANTA ISABEL;Outras;Colisão com objeto fixo;Sem Vítimas;Pleno dia;Decrescente;Ceu Claro;Dupla;Reta;Rural;1;1
1330739;2013-07-14;Domingo;14:00:00;SP;116;153.6;SAO JOSE DOS CAMPOS;Falta de atenção;Colisão lateral;Sem Vítimas;Pleno dia;Crescente;Ceu Claro;Dupla;Reta;Urbano;2;2
1330834;2013-07-14;Domingo;15:32:00;SP;116;149.0;SAO JOSE DOS CAMPOS;Ingestão de álcool;Colisão traseira;Com Vítimas Feridas;Pleno dia;Crescente;Ceu Claro;Múltipla;Reta;Urbano;5;2
1330863;2013-07-09;Terça;17:45:00;SP;116;214.0;GUARULHOS;Não guardar distância de segurança;Colisão traseira;Com Vítimas Feridas;Anoitecer;Decrescente;Ceu Claro;Múltipla;Reta;Urbano;4;2
1330878;2013-07-13;Sábado;09:40:00;SP;116;111.2;TAUBATE;Outras;Queda de motocicleta / bicicleta / veículo;Com Vítimas Fatais;Pleno dia;Decrescente;Nublado;Dupla;Reta;Rural;3;2
1330888;2013-07-14;Domingo;03:00:00;SP;116;224.0;GUARULHOS;Não guardar distância de segurança;Colisão traseira;Com Vítimas Feridas;Plena noite;Crescente;Ceu Claro;Múltipla;Reta;Urbano;2;2
1330913;2013-07-04;Quinta;15:00:00;SP;116;221.0;GUARULHOS;Falta de atenção;Colisão lateral;Sem Vítimas;Pleno dia;Crescente;Ceu Claro;Múltipla;Reta;Urbano;2;2
1331058;2013-07-15;Segunda;13:30:00;SP;116;144.0;SAO JOSE DOS CAMPOS;Não guardar distância de segurança;Colisão lateral;Sem Vítimas;Pleno dia;Decrescente;Ceu Claro;Dupla;Reta;Rural;2;2