id;data_inversa;dia_semana;horario;uf;br;km;municipio;causa_acidente;tipo_acidente;classificacao_acidente;fase_dia;sentido_via;condicao_metereologica;tipo_pista;tracado_via;uso_solo;pessoas;veiculos
1331078;2013-07-14;Domingo;17:20:00;SP;116;99.0;PINDAMONHANGABA;Não guardar distância de segurança;Colisão traseira;Com Vítimas Feridas;Pleno dia;Crescente;Chuva;Dupla;Reta;Rural;6;2
1331093;2013-07-13;Sábado;11:00:00;SP;116;187.1;SANTA ISABEL;Falta de atenção;Tombamento;Sem Vítimas;Pleno dia;Decrescente;Nublado;Dupla;Curva;Rural;1;1
1331094;2013-07-14;Domingo;02:49:00;SP;116;99.4;PINDAMONHANGABA;Outras;Queda de motocicleta / bicicleta / veículo;Com Vítimas Feridas;Plena noite;Decrescente;Nublado;Dupla;Reta;Rural;1;1
1331098;2013-07-15;Segunda;14:50:00;SP;116;109.0;TAUBATE;Outras;Colisão traseira;Sem Vítimas;Pleno dia;Crescente;Ceu Claro;Dupla;Reta;Urbano;2;2
1331124;2013-07-10;Quarta;07:40:00;SP;116;166.0;JACAREI;Falta de atenção;Colisão traseira;Com Vítimas Feridas;Pleno dia;Crescente;Ceu Claro;Simples;Reta;Urbano;2;2
1331263;2013-07-12;Sexta;16:58:00;SP;116;216.0;ARUJA;Não guardar distância de segurança;Colisão traseira;Sem Vítimas;Pleno dia;Decrescente;Sol;Múltipla;Reta;Urbano;2;2
1331329;2013-07-09;Terça;20:17:00;SP;116;161.9;JACAREI;Falta de atenção;Capotamento;Sem Vítimas;Plena noite;Decrescente;Ceu Claro;Dupla;Reta;Rural;2;2
1331346;2013-07-12;Sexta;06:00:00;SP;116;107.0;TAUBATE;Outras;Colisão traseira;Sem Vítimas;Amanhecer;Decrescente;Nublado;Dupla;Reta;Urbano;2;2
1331496;2013-07-11;Quinta;20:40:00;SP;116;224.0;GUARULHOS;Falta de atenção;Colisão com objeto fixo;Com Vítimas Feridas;Plena noite;Crescente;Ceu Claro;Múltipla;Reta;Urbano;1;1
1331524;2013-07-07;Domingo;04:00:00;SP;116;103.1;PINDAMONHANGABA;Dormindo;Tombamento;Sem Vítimas;Plena noite;Crescente;Nublado;Dupla;Reta;Urbano;1;1
1331552;2013-07-13;Sábado;13:40:00;SP;116;119.0;TAUBATE;Outras;Colisão traseira;Com Vítimas Feridas;Pleno dia;Decrescente;Nublado;Dupla;Reta;Rural;4;4
1331648;2013-07-13;Sábado;05:07:00;SP;116;154.0;SAO JOSE DOS CAMPOS;Falta de atenção;Tombamento;Sem Vítimas;Plena noite;Decrescente;Ceu Claro;Dupla;Reta;Urbano;1;1
1331651;2013-07-10;Quarta;18:40:00;SP;116;217.1;GUARULHOS;Falta de atenção;Colisão lateral;Sem Vítimas;Plena noite;Decrescente;Nublado;Múltipla;Reta;Urbano;2;2
1331734;2013-07-16;Terça;17:40:00;SP;116;143.9;SAO JOSE DOS CAMPOS;Falta de atenção;Colisão lateral;Com Vítimas Feridas;Plena noite;Decrescente;Ceu Claro;Múltipla;Reta;Urbano;2;2
1331737;2013-07-12;Sexta;23:20:00;SP;116;222.0;GUARULHOS;Falta de atenção;Colisão com objeto fixo;Sem Vítimas;Plena noite;Crescente;Ignorada;Simples;Reta;Urbano;3;2
1331768;2013-07-12;Sexta;12:00:00;SP;116;170.0;JACAREI;Falta de atenção;Colisão lateral;Sem Vítimas;Pleno dia;Decrescente;Ceu Claro;Simples;Reta;Rural;2;2
1331817;2013-07-15;Segunda;09:00:00;SP;116;226.0;GUARULHOS;Falta de atenção;Colisão traseira;Sem Vítimas;Pleno dia;Decrescente;Sol;Múltipla;Reta;Urbano;2;2
1331860;2013-07-15;Segunda;22:40:00;SP;116;228.0;SAO PAULO;Defeito mecânico em veículo;Danos Eventuais;Sem Vítimas;Plena noite;Crescente;Nublado;Múltipla;Reta;Urbano;1;1
1331954;2013-07-11;Quinta;19:00:00;SP;116;211.0;GUARULHOS;Outras;Colisão traseira;Sem Vítimas;Plena noite;Crescente;Nublado;Simples;Reta;Urbano;2;2
1331992;2013-07-15;Segunda;14:50:00;SP;116;219.0;GUARULHOS;Velocidade incompatível;Tombamento;Sem Vítimas;Pleno dia;Decrescente;Nublado;Simples;Curva;Urbano;1;1
1331996;2013-02-26;Terça;21:00:00;SP;116;217.0;GUARULHOS;Não guardar distância de segurança;Colisão traseira;Com Vítimas Feridas;Plena noite;Decrescente;Chuva;Múltipla;Reta;Urbano;6;2
1332114;2013-07-13;Sábado;15:30:00;SP;116;227.0;SAO PAULO;Outras;Atropelamento de pessoa;Com Vítimas Feridas;Pleno dia;Crescente;Sol;Múltipla;Curva;Urbano;2;1
1332128;2013-07-15;Segunda;18:15:00;SP;116;145.0;SAO JOSE DOS CAMPOS;Falta de atenção;Colisão lateral;Sem Vítimas;Plena noite;Crescente;Ceu Claro;Simples;Reta;Urbano;2;2
1332154;2013-07-12;Sexta;10:28:00;SP;116;220.0;GUARULHOS;Falta de atenção;Colisão lateral;Sem Vítimas;Pleno dia;Crescente;Ceu Claro;Múltipla;Reta;Urbano;2;2
1332164;2013-07-13;Sábado;08:30:00;SP;116;142.6;SAO JOSE DOS CAMPOS;Outras;Colisão traseira;Sem Vítimas;Pleno dia;Decrescente;Sol;Dupla;Reta;Urbano;8;3
1332225;2013-07-17;Quarta;11:00:00;SP;116;219.0;GUARULHOS;Falta de atenção;Colisão lateral;Sem Vítimas;Pleno dia;Crescente;Sol;Múltipla;Reta;Urbano;2;2
1332236;2013-07-09;Terça;22:45:00;SP;116;217.0;GUARULHOS;Ingestão de álcool;Colisão lateral;Sem Vítimas;Plena noite;Crescente;Nublado;Múltipla;Reta;Urbano;2;2
1332286;2013-07-17;Quarta;10:59:00;SP;116;107.0;TAUBATE;Outras;Saída de Pista;Sem Vítimas;Pleno dia;Decrescente;Sol;Dupla;Reta;Urbano;1;1
1332342;2013-07-14;Domingo;16:30:00;SP;116;102.0;PINDAMONHANGABA;Não guardar distância de segurança;Colisão traseira;Sem Vítimas;Pleno dia;Crescente;Chuva;Dupla;Reta;Urbano;4;4
1332373;2013-07-13;Sábado;08:10:00;SP;116;117.0;TAUBATE;Outras;Colisão traseira;Sem Vítimas;Pleno dia;Decrescente;Sol;Dupla;Reta;Rural;10;2
1332395;2013-07-13;Sábado;10:30:00;SP;116;144.5;SAO JOSE DOS CAMPOS;Falta de atenção;Colisão traseira;Sem Vítimas;Pleno dia;Decrescente;Ceu Claro;Dupla;Reta;Urbano;3;3
1332488;2013-07-17;Quarta;20:10:00;SP;116;212.0;GUARULHOS;Falta de atenção;Colisão lateral;Sem Vítimas;Plena noite;Crescente;Ceu Claro;Múltipla;Cruzamento;Urbano;2;2
1332568;2013-07-15;Segunda;17:20:00;SP;116;228.0;SAO PAULO;Falta de atenção;Colisão lateral;Sem Vítimas;Anoitecer;Decrescente;Ceu Claro;Múltipla;Reta;Urbano;2;2
1332591;2013-07-18;Quinta;08:00:00;SP;116;228.0;SAO PAULO;Falta de atenção;Saída de Pista;Sem Vítimas;Pleno dia;Decrescente;Ceu Claro;Múltipla;Reta;Urbano;1;1
1332664;2013-07-13;Sábado;12:00:00;SP;116;156.0;SAO JOSE DOS CAMPOS;Falta de atenção;Colisão lateral;Sem Vítimas;Pleno dia;Crescente;Ceu Claro;Múltipla;Reta;Rural;2;2
1332692;2013-07-15;Segunda;01:00:00;SP;116;139.6;SAO JOSE DOS CAMPOS;Ingestão de álcool;Colisão traseira;Sem Vítimas;Plena noite;Crescente;Ceu Claro;Múltipla;Reta;Rural;2;2
1332797;2013-07-14;Domingo;18:30:00;SP;116;168.5;SAO JOSE DOS CAMPOS;Outras;Colisão traseira;Com Vítimas Feridas;Plena noite;Crescente;Chuva;Dupla;Reta;Urbano;4;2
1332804;2013-07-18;Quinta;14:50:00;SP;116;182.0;SANTA ISABEL;Falta de atenção;Colisão traseira;Sem Vítimas;Pleno dia;Decrescente;Ceu Claro;Dupla;Reta;Rural;3;3
1332805;2013-07-18;Quinta;17:40:00;SP;116;227.0;GUARULHOS;Defeito mecânico em veículo;Colisão traseira;Sem Vítimas;Pleno dia;Decrescente;Ceu Claro;Múltipla;Reta;Urbano;2;2
1332807;2013-07-18;Quinta;09:00:00;SP;116;126.5;CACAPAVA;Dormindo;Colisão lateral;Sem Vítimas;Pleno dia;Crescente;Ceu Claro;Dupla;Reta;Urbano;2;2
1332879;2013-07-17;Quarta;23:00:00;SP;116;159.8;JACAREI;Falta de atenção;Colisão com objeto fixo;Com Vítimas Feridas;Plena noite;Crescente;Ceu Claro;Dupla;Reta;Urbano;2;1
1332902;2013-07-18;Quinta;16:30:00;SP;116;221.0;GUARULHOS;Falta de atenção;Colisão lateral;Sem Vítimas;Pleno dia;Decrescente;Ceu Claro;Múltipla;Reta;Urbano;2;2
1332972;2013-07-18;Quinta;17:40:00;SP;116;225.0;GUARULHOS;Não guardar distância de segurança;Colisão lateral;Com Vítimas Feridas;Anoitecer;Decrescente;Ceu Claro;Múltipla;Reta;Urbano;2;2
1332973;2013-07-19;Sexta;02:40:00;SP;116;214.0;GUARULHOS;Falta de atenção;Saída de Pista;Com Vítimas Feridas;Plena noite;Crescente;Ceu Claro;Múltipla;Reta;Urbano;1;1
1333072;2013-07-18;Quinta;10:00:00;SP;116;225.0;GUARULHOS;Não guardar distância de segurança;Colisão traseira;Com Vítimas Feridas;Pleno dia;Decrescente;Ceu Claro;Múltipla;Reta;Urbano;2;2
1333176;2013-07-15;Segunda;19:50:00;SP;116;228.0;GUARULHOS;Não guardar distância de segurança;Colisão lateral;Sem Vítimas;Anoitecer;Decrescente;Ceu Claro;Múltipla;Reta;Urbano;2;2
1333187;2013-07-19;Sexta;08:15:00;SP;116;210.0;GUARULHOS;Ultrapassagem indevida;Colisão lateral;Sem Vítimas;Pleno dia;Crescente;Ceu Claro;Simples;Reta;Urbano;2;2
1333255;2013-07-19;Sexta;11:05:00;SP;116;204.0;ARUJA;Não guardar distância de segurança;Colisão lateral;Sem Vítimas;Pleno dia;Crescente;Ceu Claro;Dupla;Reta;Urbano;2;2
1333319;2013-07-16;Terça;19:00:00;SP;116;219.0;GUARULHOS;Falta de atenção;Colisão lateral;Com Vítimas Feridas;Plena noite;Crescente;Ceu Claro;Dupla;Reta;Urbano;2;2
1333435;2013-07-19;Sexta;17:40:00;SP;116;100.0;PINDAMONHANGABA;Outras;Colisão traseira;Com Vítimas Feridas;Pleno dia;Crescente;Chuva;Dupla;Reta;Urbano;5;3
1333444;2013-07-13;Sábado;13:00:00;SP;116;143.8;SAO JOSE DOS CAMPOS;Outras;Colisão lateral;Com Vítimas Feridas;Pleno dia;Crescente;Sol;Dupla;Reta;Urbano;2;2
1333455;2013-07-19;Sexta;16:10:00;SP;116;162.0;JACAREI;Falta de atenção;Colisão lateral;Sem Vítimas;Pleno dia;Crescente;Nublado;Dupla;Reta;Rural;2;2
1333474;2013-07-17;Quarta;11:00:00;SP;116;156.0;SAO JOSE DOS CAMPOS;Falta de atenção;Saída de Pista;Sem Vítimas;Pleno dia;Crescente;Sol;Dupla;Reta;Urbano;1;1
1333478;2013-07-16;Terça;06:00:00;SP;116;131.0;CACAPAVA;Outras;Colisão traseira;Sem Vítimas;Amanhecer;Crescente;Ceu Claro;Dupla;Reta;Urbano;2;2
1333487;2013-07-16;Terça;21:10:00;SP;116;100.9;PINDAMONHANGABA;Dormindo;Colisão traseira;Sem Vítimas;Plena noite;Decrescente;Ignorada;Dupla;Reta;Rural;2;2
1333494;2013-07-19;Sexta;18:50:00;SP;116;109.5;TAUBATE;Outras;Colisão traseira;Sem Vítimas;Anoitecer;Decrescente;Chuva;Dupla;Reta;Urbano;2;2
1333501;2013-07-19;Sexta;08:20:00;SP;116;140.0;SAO JOSE DOS CAMPOS;Falta de atenção;Colisão traseira;Sem Vítimas;Pleno dia;Decrescente;Ceu Claro;Dupla;Reta;Urbano;3;3
1333503;2013-07-19;Sexta;12:20:00;SP;116;119.0;CACAPAVA;Outras;Colisão com objeto fixo;Sem Vítimas;Pleno dia;Decrescente;Ignorada;Dupla;Reta;Rural;1;1
1333507;2013-07-19;Sexta;16:30:00;SP;116;138.0;SAO JOSE DOS CAMPOS;Outras;Capotamento;Sem Vítimas;Pleno dia;Decrescente;Chuva;Dupla;Reta;Urbano;1;1
1333509;2013-07-19;Sexta;18:40:00;SP;116;132.3;SAO JOSE DOS CAMPOS;Falta de atenção;Colisão traseira;Com Vítimas Feridas;Anoitecer;Crescente;Chuva;Dupla;Reta;Urbano;3;3
1333658;2013-07-16;Terça;19:15:00;SP;116;139.5;SAO JOSE DOS CAMPOS;Velocidade incompatível;Colisão traseira;Com Vítimas Feridas;Plena noite;Crescente;Ceu Claro;Dupla;Reta;Urbano;6;5
1333744;2013-07-15;Segunda;19:20:00;SP;116;114.6;TAUBATE;Outras;Atropelamento de pessoa;Com Vítimas Feridas;Plena noite;Decrescente;Ceu Claro;Dupla;Reta;Urbano;3;2
1333797;2013-07-18;Quinta;20:04:00;SP;116;222.0;GUARULHOS;Não guardar distância de segurança;Colisão traseira;Sem Vítimas;Plena noite;Crescente;Ceu Claro;Múltipla;Reta;Urbano;2;2
1333810;2013-07-12;Sexta;20:00:00;SP;116;104.1;TAUBATE;Outras;Queda de motocicleta / bicicleta / veículo;Com Vítimas Feridas;Plena noite;Decrescente;Nublado;Dupla;Reta;Rural;1;1
1333814;2013-07-20;Sábado;12:20:00;SP;116;204.0;ARUJA;Não guardar distância de segurança;Colisão traseira;Sem Vítimas;Pleno dia;Crescente;Ceu Claro;Múltipla;Reta;Urbano;3;3
1333822;2013-07-16;Terça;14:55:00;SP;116;110.5;TAUBATE;Não guardar distância de segurança;Colisão traseira;Sem Vítimas;Pleno dia;Decrescente;Sol;Dupla;Curva;Urbano;2;2
1333962;2013-07-15;Segunda;08:40:00;SP;116;214.0;GUARULHOS;Outras;Colisão traseira;Sem Vítimas;Pleno dia;Decrescente;Sol;Múltipla;Reta;Urbano;3;3
1334033;2013-07-20;Sábado;17:17:00;SP;116;145.8;SAO JOSE DOS CAMPOS;Falta de atenção;Colisão com objeto fixo;Sem Vítimas;Anoitecer;Decrescente;Ceu Claro;Múltipla;Reta;Urbano;2;2
1334043;2013-07-20;Sábado;19:00:00;SP;116;182.0;SANTA ISABEL;Falta de atenção;Colisão com objeto fixo;Sem Vítimas;Plena noite;Crescente;Ceu Claro;Simples;Reta;Rural;2;2
1334063;2013-07-20;Sábado;21:50:00;SP;116;214.0;GUARULHOS;Ingestão de álcool;Colisão lateral;Com Vítimas Feridas;Plena noite;Decrescente;Ceu Claro;Múltipla;Reta;Urbano;3;2
1334189;2013-07-18;Quinta;06:50:00;SP;116;201.0;GUARULHOS;Velocidade incompatível;Queda de motocicleta / bicicleta / veículo;Com Vítimas Feridas;Pleno dia;Decrescente;Ceu Claro;Dupla;Curva;Urbano;2;1
1334256;2013-07-15;Segunda;19:40:00;SP;116;225.0;GUARULHOS;Outras;Colisão lateral;Com Vítimas Feridas;Plena noite;Decrescente;Ceu Claro;Múltipla;Reta;Urbano;3;3
1334367;2013-07-13;Sábado;03:08:00;SP;116;212.0;GUARULHOS;Falta de atenção;Capotamento;Sem Vítimas;Plena noite;Crescente;Ceu Claro;Múltipla;Reta;Urbano;2;2
1334382;2013-07-21;Domingo;17:00:00;SP;116;220.0;GUARULHOS;Não guardar distância de segurança;Colisão traseira;Sem Vítimas;Pleno dia;Decrescente;Ceu Claro;Múltipla;Reta;Urbano;2;2
1334416;2013-07-19;Sexta;22:20:00;SP;116;221.0;GUARULHOS;Outras;Colisão traseira;Com Vítimas Feridas;Plena noite;Decrescente;Nublado;Múltipla;Reta;Urbano;2;2
1334432;2013-07-16;Terça;18:53:00;SP;116;227.0;SAO PAULO;Falta de atenção;Colisão traseira;Sem Vítimas;Plena noite;Decrescente;Ignorada;Simples;Reta;Urbano;3;3
1334449;2013-07-21;Domingo;18:00:00;SP;116;222.6;GUARULHOS;Outras;Colisão lateral;Sem Vítimas;Anoitecer;Decrescente;Nublado;Múltipla;Reta;Urbano;2;2
1334465;2013-07-13;Sábado;09:10:00;SP;116;216.0;GUARULHOS;Não guardar distância de segurança;Colisão lateral;Sem Vítimas;Pleno dia;Crescente;Ceu Claro;Múltipla;Reta;Urbano;2;2
1334476;2013-07-21;Domingo;19:30:00;SP;116;219.0;GUARULHOS;Falta de atenção;Colisão lateral;Sem Vítimas;Plena noite;Crescente;Nublado;Múltipla;Reta;Urbano;2;2
1334479;2013-07-21;Domingo;17:17:00;SP;116;140.4;SAO JOSE DOS CAMPOS;Falta de atenção;Colisão traseira;Sem Vítimas;Pleno dia;Crescente;Nublado;Dupla;Reta;Urbano;7;2
1334519;2013-07-19;Sexta;23:58:00;SP;116;212.0;GUARULHOS;Outras;Colisão lateral;Sem Vítimas;Plena noite;Crescente;Nublado;Múltipla;Reta;Urbano;3;2
1334532;2013-07-14;Domingo;03:20:00;SP;116;223.0;GUARULHOS;Não guardar distância de segurança;Colisão traseira;Sem Vítimas;Plena noite;Decrescente;Nublado;Múltipla;Reta;Urbano;2;2
1334546;2013-07-18;Quinta;05:45:00;SP;116;215.8;GUARULHOS;Falta de atenção;Colisão traseira;Com Vítimas Feridas;Plena noite;Decrescente;Nublado;Múltipla;Reta;Urbano;2;2
1334666;2013-07-21;Domingo;14:10:00;SP;116;215.0;GUARULHOS;Velocidade incompatível;Colisão traseira;Com Vítimas Feridas;Pleno dia;Crescente;Nublado;Múltipla;Reta;Urbano;3;2
1334674;2013-07-15;Segunda;07:50:00;SP;116;214.0;GUARULHOS;Outras;Colisão traseira;Sem Vítimas;Pleno dia;Decrescente;Nublado;Simples;Reta;Urbano;2;2
1334681;2013-07-22;Segunda;00:30:00;SP;116;225.0;SAO PAULO;Dormindo;Queda de motocicleta / bicicleta / veículo;Com Vítimas Feridas;Plena noite;Crescente;Chuva;Múltipla;Reta;Urbano;1;1
1334737;2013-07-19;Sexta;19:00:00;SP;116;225.0;GUARULHOS;Falta de atenção;Colisão lateral;Sem Vítimas;Plena noite;Decrescente;Nublado;Simples;Reta;Urbano;2;2
1334759;2013-07-20;Sábado;19:20:00;SP;116;199.5;ARUJA;Outras;Colisão com objeto móvel;Sem Vítimas;Plena noite;Decrescente;Ceu Claro;Múltipla;Reta;Urbano;1;1
1334797;2013-07-17;Quarta;18:20:00;SP;116;229.0;SAO PAULO;Falta de atenção;Colisão lateral;Com Vítimas Feridas;Anoitecer;Decrescente;Nublado;Múltipla;Reta;Urbano;3;2
1334842;2013-07-22;Segunda;10:40:00;SP;116;210.0;GUARULHOS;Não guardar distância de segurança;Colisão traseira;Sem Vítimas;Pleno dia;Crescente;Ceu Claro;Dupla;Reta;Urbano;2;2
1334901;2013-07-22;Segunda;11:30:00;SP;116;226.0;GUARULHOS;Não guardar distância de segurança;Colisão traseira;Com Vítimas Feridas;Pleno dia;Crescente;Ceu Claro;Múltipla;Reta;Urbano;3;2
1334912;2013-07-22;Segunda;10:40:00;SP;116;155.5;SAO JOSE DOS CAMPOS;Outras;Colisão lateral;Sem Vítimas;Pleno dia;Crescente;Ceu Claro;Múltipla;Reta;Urbano;2;2
1334935;2013-07-22;Segunda;13:51:00;SP;116;152.0;SAO JOSE DOS CAMPOS;Falta de atenção;Colisão traseira;Com Vítimas Feridas;Pleno dia;Crescente;Ceu Claro;Dupla;Reta;Urbano;3;2
1335007;2013-07-19;Sexta;14:40:00;SP;116;209.0;GUARULHOS;Falta de atenção;Colisão lateral;Sem Vítimas;Pleno dia;Decrescente;Nublado;Dupla;Reta;Urbano;2;2
1335098;2013-07-22;Segunda;18:10:00;SP;116;156.0;SAO JOSE DOS CAMPOS;Não guardar distância de segurança;Colisão traseira;Com Vítimas Feridas;Anoitecer;Decrescente;Ceu Claro;Dupla;Reta;Urbano;2;2
1335176;2013-07-22;Segunda;20:00:00;SP;116;181.0;GUARAREMA;Falta de atenção;Colisão com objeto fixo;Sem Vítimas;Plena noite;Crescente;Ceu Claro;Dupla;Reta;Urbano;1;1
1335196;2013-07-22;Segunda;12:05:00;SP;116;211.0;GUARULHOS;Falta de atenção;Colisão lateral;Sem Vítimas;Pleno dia;Decrescente;Ceu Claro;Múltipla;Reta;Urbano;2;2
1335197;2013-07-22;Segunda;16:30:00;SP;116;228.0;SAO PAULO;Outras;Colisão lateral;Com Vítimas Feridas;Pleno dia;Crescente;Ceu Claro;Múltipla;Reta;Urbano;2;2
1335200;2013-07-22;Segunda;18:00:00;SP;116;227.0;GUARULHOS;Ingestão de álcool;Colisão traseira;Sem Vítimas;Plena noite;Decrescente;Nublado;Múltipla;Reta;Urbano;2;2
1335278;2013-07-22;Segunda;08:00:00;SP;116;220.0;GUARULHOS;Outras;Colisão traseira;Sem Vítimas;Pleno dia;Crescente;Ceu Claro;Múltipla;Reta;Urbano;3;3
1335280;2013-07-22;Segunda;08:15:00;SP;116;219.0;GUARULHOS;Não guardar distância de segurança;Colisão traseira;Sem Vítimas;Pleno dia;Crescente;Nublado;Múltipla;Reta;Urbano;2;2
1335363;2013-07-19;Sexta;18:25:00;SP;116;212.0;GUARULHOS;Não guardar distância de segurança;Colisão traseira;Com Vítimas Feridas;Anoitecer;Crescente;Ceu Claro;Múltipla;Reta;Urbano;2;2
1335413;2013-07-21;Domingo;23:00:00;SP;116;174.2;GUARAREMA;Falta de atenção;Colisão traseira;Com Vítimas Feridas;Plena noite;Crescente;Ceu Claro;Dupla;Reta;Rural;2;2
1335463;2013-07-19;Sexta;09:00:00;SP;116;157.0;SAO JOSE DOS CAMPOS;Não guardar distância de segurança;Colisão traseira;Sem Vítimas;Amanhecer;Crescente;Ceu Claro;Dupla;Reta;Rural;2;2
1335514;2013-07-23;Terça;10:25:00;SP;116;178.0;GUARAREMA;Falta de atenção;Colisão traseira;Sem Vítimas;Pleno dia;Crescente;Ceu Claro;Múltipla;Reta;Rural;2;2
1335538;2013-07-19;Sexta;17:51:00;SP;116;156.9;SAO JOSE DOS CAMPOS;Não guardar distância de segurança;Colisão traseira;Sem Vítimas;Anoitecer;Decrescente;Ceu Claro;Dupla;Reta;Rural;2;2
1335592;2013-07-19;Sexta;17:49:00;SP;116;156.8;SAO JOSE DOS CAMPOS;Não guardar distância de segurança;Colisão traseira;Sem Vítimas;Pleno dia;Decrescente;Ceu Claro;Dupla;Reta;Urbano;4;4
1335628;2013-07-17;Quarta;07:45:00;SP;116;182.0;SANTA ISABEL;Não guardar distância de segurança;Colisão traseira;Sem Vítimas;Pleno dia;Decrescente;Nublado;Dupla;Reta;Rural;2;2
1335634;2013-07-22;Segunda;01:30:00;SP;116;172.2;JACAREI;Falta de atenção;Colisão traseira;Com Vítimas Fatais;Plena noite;Decrescente;Ceu Claro;Dupla;Reta;Rural;9;2
1335647;2013-07-23;Terça;09:30:00;SP;116;220.0;GUARULHOS;Falta de atenção;Colisão traseira;Sem Vítimas;Pleno dia;Decrescente;Chuva;Múltipla;Reta;Urbano;2;2
1335665;2013-07-22;Segunda;17:27:00;SP;116;227.0;SAO PAULO;Desobediência à sinalização;Colisão lateral;Com Vítimas Feridas;Anoitecer;Crescente;Ceu Claro;Múltipla;Reta;Urbano;3;3
1335680;2013-07-23;Terça;20:30:00;SP;116;219.0;GUARULHOS;Outras;Colisão traseira;Sem Vítimas;Plena noite;Decrescente;Nublado;Simples;Reta;Urbano;3;3
1335718;2013-07-23;Terça;17:00:00;SP;116;121.0;CACAPAVA;Falta de atenção;Colisão traseira;Com Vítimas Feridas;Pleno dia;Crescente;Nublado;Dupla;Reta;Urbano;2;2
1335735;2013-07-23;Terça;13:05:00;SP;116;133.0;CACAPAVA;Outras;Colisão traseira;Sem Vítimas;Pleno dia;Crescente;Nublado;Dupla;Reta;Urbano;2;2
1335737;2013-07-23;Terça;16:20:00;SP;116;121.5;CACAPAVA;Outras;Colisão traseira;Sem Vítimas;Pleno dia;Decrescente;Nublado;Dupla;Reta;Urbano;2;2
1335739;2013-07-23;Terça;17:10:00;SP;116;127.0;CACAPAVA;Outras;Colisão traseira;Com Vítimas Feridas;Plena noite;Decrescente;Nublado;Dupla;Reta;Urbano;4;2
1335818;2013-07-21;Domingo;00:10:00;SP;116;136.0;SAO JOSE DOS CAMPOS;Ingestão de álcool;Colisão traseira;Com Vítimas Feridas;Plena noite;Crescente;Ceu Claro;Dupla;Reta;Urbano;2;2
1335889;2013-07-23;Terça;05:40:00;SP;116;183.0;SANTA ISABEL;Outras;Colisão lateral;Sem Vítimas;Plena noite;Decrescente;Chuva;Dupla;Reta;Rural;2;2
1335906;2013-07-22;Segunda;16:00:00;SP;116;139.0;SAO JOSE DOS CAMPOS;Falta de atenção;Colisão lateral;Sem Vítimas;Pleno dia;Crescente;Nublado;Dupla;Reta;Rural;2;2
1335962;2013-07-23;Terça;06:50:00;SP;116;199.0;ARUJA;Não guardar distância de segurança;Colisão lateral;Com Vítimas Feridas;Amanhecer;Decrescente;Chuva;Dupla;Reta;Urbano;4;3
1335991;2013-07-23;Terça;07:30:00;SP;116;209.0;GUARULHOS;Falta de atenção;Colisão lateral;Sem Vítimas;Amanhecer;Crescente;Nublado;Múltipla;Curva;Urbano;2;2
1336072;2013-07-23;Terça;07:15:00;SP;116;166.7;JACAREI;Outras;Colisão com objeto fixo;Sem Vítimas;Pleno dia;Crescente;Chuva;Dupla;Reta;Urbano;2;2
1336147;2013-07-24;Quarta;17:10:00;SP;116;210.0;GUARULHOS;Falta de atenção;Colisão lateral;Sem Vítimas;Plena noite;Decrescente;Ceu Claro;Múltipla;Reta;Urbano;2;2
1336189;2013-07-24;Quarta;15:20:00;SP;116;169.6;JACAREI;Velocidade incompatível;Colisão traseira;Sem Vítimas;Pleno dia;Decrescente;Nublado;Múltipla;Reta;Rural;2;2
1336228;2013-07-24;Quarta;17:20:00;SP;116;158.8;JACAREI;Velocidade incompatível;Colisão traseira;Sem Vítimas;Pleno dia;Decrescente;Chuva;Dupla;Reta;Urbano;2;2
1336230;2013-07-18;Quinta;08:20:00;SP;116;157.0;SAO JOSE DOS CAMPOS;Outras;Queda de motocicleta / bicicleta / veículo;Com Vítimas Feridas;Pleno dia;Decrescente;Ceu Claro;Simples;Reta;Urbano;1;1
1336237;2013-07-24;Quarta;18:10:00;SP;116;210.0;GUARULHOS;Falta de atenção;Colisão lateral;Sem Vítimas;Plena noite;Decrescente;Nublado;Múltipla;Reta;Urbano;2;2
1336265;2013-07-24;Quarta;15:30:00;SP;116;205.0;GUARULHOS;Falta de atenção;Colisão com objeto fixo;Sem Vítimas;Pleno dia;Crescente;Chuva;Simples;Reta;Urbano;1;1
1336268;2013-07-24;Quarta;17:30:00;SP;116;210.0;GUARULHOS;Não guardar distância de segurança;Colisão lateral;Sem Vítimas;Pleno dia;Decrescente;Chuva;Múltipla;Reta;Urbano;2;2
1336334;2013-07-25;Quinta;02:30:00;SP;116;122.0;CACAPAVA;Outras;Colisão traseira;Com Vítimas Feridas;Plena noite;Crescente;Chuva;Dupla;Reta;Urbano;2;2