id;data_inversa;dia_semana;horario;uf;br;km;municipio;causa_acidente;tipo_acidente;classificacao_acidente;fase_dia;sentido_via;condicao_metereologica;tipo_pista;tracado_via;uso_solo;pessoas;veiculos
83042235;2013-08-02;Sexta;10:00:00;SP;116;138.4;SAO JOSE DOS CAMPOS;Outras;Colisão lateral;Com Vítimas Feridas;Pleno dia;Crescente;Sol;Dupla;Reta;Urbano;3;3
83042256;2013-08-02;Sexta;15:54:00;SP;116;129.0;CACAPAVA;Outras;Colisão lateral;Com Vítimas Feridas;Pleno dia;Crescente;Ceu Claro;Dupla;Reta;Urbano;3;2
83042319;2013-07-31;Quarta;01:30:00;SP;116;219.0;GUARULHOS;Dormindo;Saída de Pista;Com Vítimas Feridas;Plena noite;Crescente;Ceu Claro;Dupla;Curva;Rural;2;1
83042349;2013-08-02;Sexta;21:15:00;SP;116;216.9;GUARULHOS;Outras;Colisão com objeto fixo;Sem Vítimas;Plena noite;Crescente;Ceu Claro;Múltipla;Reta;Urbano;2;2
83042364;2013-08-02;Sexta;19:00:00;SP;116;101.0;PINDAMONHANGABA;Não guardar distância de segurança;Colisão traseira;Sem Vítimas;Plena noite;Crescente;Ceu Claro;Dupla;Reta;Rural;2;2
83042413;2013-07-31;Quarta;07:15:00;SP;116;207.0;GUARULHOS;Outras;Colisão traseira;Sem Vítimas;Pleno dia;Crescente;Ceu Claro;Múltipla;Reta;Urbano;3;3
83042523;2013-08-01;Quinta;07:30:00;SP;116;228.0;SAO PAULO;Outras;Queda de motocicleta / bicicleta / veículo;Com Vítimas Feridas;Pleno dia;Crescente;Sol;Múltipla;Reta;Urbano;1;1
83042528;2013-07-25;Quinta;05:40:00;SP;116;182.0;SANTA ISABEL;Não guardar distância de segurança;Colisão traseira;Com Vítimas Feridas;Amanhecer;Decrescente;Ceu Claro;Simples;Reta;Rural;4;2
83042540;2013-08-03;Sábado;09:10:00;SP;116;132.5;CACAPAVA;Não guardar distância de segurança;Colisão traseira;Sem Vítimas;Pleno dia;Decrescente;Sol;Dupla;Reta;Urbano;4;4
83042552;2013-08-02;Sexta;07:00:00;SP;116;220.0;GUARULHOS;Falta de atenção;Colisão traseira;Com Vítimas Feridas;Pleno dia;Crescente;Sol;Múltipla;Reta;Urbano;2;2
83042569;2013-08-02;Sexta;05:30:00;SP;116;225.0;GUARULHOS;Dormindo;Saída de Pista;Sem Vítimas;Plena noite;Crescente;Ceu Claro;Múltipla;Reta;Urbano;1;1
83042572;2013-08-03;Sábado;07:50:00;SP;116;212.0;GUARULHOS;Não guardar distância de segurança;Colisão traseira;Sem Vítimas;Amanhecer;Crescente;Ceu Claro;Múltipla;Reta;Urbano;4;4
83042596;2013-08-03;Sábado;09:30:00;SP;116;134.9;SAO JOSE DOS CAMPOS;Não guardar distância de segurança;Colisão traseira;Sem Vítimas;Pleno dia;Decrescente;Ceu Claro;Dupla;Reta;Rural;2;2
83042610;2013-07-28;Domingo;08:15:00;SP;116;182.0;SANTA ISABEL;Falta de atenção;Colisão traseira;Com Vítimas Feridas;Pleno dia;Decrescente;Ceu Claro;Múltipla;Reta;Rural;4;3
83042611;2013-07-26;Sexta;20:00:00;SP;116;138.7;SAO JOSE DOS CAMPOS;Não guardar distância de segurança;Colisão traseira;Sem Vítimas;Plena noite;Decrescente;Ceu Claro;Múltipla;Reta;Urbano;4;4
83042674;2013-07-30;Terça;15:20:00;SP;116;212.0;GUARULHOS;Não guardar distância de segurança;Colisão traseira;Sem Vítimas;Pleno dia;Crescente;Ceu Claro;Múltipla;Reta;Urbano;2;2
83042685;2013-08-03;Sábado;15:15:00;SP;116;218.0;GUARULHOS;Outras;Colisão lateral;Sem Vítimas;Pleno dia;Crescente;Sol;Múltipla;Reta;Urbano;2;2
83042734;2013-07-29;Segunda;18:30:00;SP;116;155.0;SAO JOSE DOS CAMPOS;Falta de atenção;Colisão traseira;Sem Vítimas;Plena noite;Crescente;Ceu Claro;Dupla;Reta;Urbano;5;5
83042815;2013-07-29;Segunda;19:00:00;SP;116;148.0;SAO JOSE DOS CAMPOS;Falta de atenção;Colisão traseira;Sem Vítimas;Plena noite;Crescente;Ceu Claro;Dupla;Reta;Urbano;3;3
83042950;2013-08-03;Sábado;22:45:00;SP;116;220.0;GUARULHOS;Outras;Colisão lateral;Com Vítimas Feridas;Plena noite;Crescente;Ceu Claro;Múltipla;Reta;Urbano;4;3
83043013;2013-08-02;Sexta;22:50:00;SP;116;165.0;JACAREI;Outras;Colisão lateral;Sem Vítimas;Plena noite;Decrescente;Ceu Claro;Simples;Reta;Rural;2;2
83043080;2013-08-04;Domingo;09:15:00;SP;116;101.2;PINDAMONHANGABA;Falta de atenção;Colisão traseira;Sem Vítimas;Pleno dia;Decrescente;Ceu Claro;Dupla;Reta;Urbano;2;2
83043184;2013-07-31;Quarta;21:20:00;SP;116;171.8;JACAREI;Outras;Incêndio;Sem Vítimas;Plena noite;Crescente;Ceu Claro;Dupla;Reta;Rural;1;1
83043211;2013-07-29;Segunda;07:45:00;SP;116;227.0;GUARULHOS;Falta de atenção;Colisão com bicicleta;Com Vítimas Feridas;Pleno dia;Crescente;Ceu Claro;Múltipla;Reta;Urbano;2;2
83043224;2013-08-03;Sábado;00:20:00;SP;116;99.0;PINDAMONHANGABA;Outras;Colisão traseira;Com Vítimas Feridas;Plena noite;Decrescente;Ceu Claro;Simples;Curva;Rural;2;2
83043236;2013-08-01;Quinta;07:45:00;SP;116;146.0;SAO JOSE DOS CAMPOS;Não guardar distância de segurança;Colisão traseira;Sem Vítimas;Amanhecer;Crescente;Ceu Claro;Dupla;Reta;Rural;2;2
83043253;2013-07-19;Sexta;16:15:00;SP;116;148.0;SAO JOSE DOS CAMPOS;Não guardar distância de segurança;Colisão traseira;Sem Vítimas;Pleno dia;Decrescente;Chuva;Simples;Reta;Urbano;2;2
83043268;2013-08-04;Domingo;17:45:00;SP;116;100.0;PINDAMONHANGABA;Não guardar distância de segurança;Colisão traseira;Com Vítimas Feridas;Anoitecer;Crescente;Ceu Claro;Dupla;Reta;Urbano;4;3
83043314;2013-08-04;Domingo;15:30:00;SP;116;140.0;SAO JOSE DOS CAMPOS;Falta de atenção;Colisão traseira;Sem Vítimas;Pleno dia;Crescente;Ceu Claro;Dupla;Reta;Urbano;2;2
83043331;2013-08-04;Domingo;16:00:00;SP;116;127.0;CACAPAVA;Falta de atenção;Colisão traseira;Sem Vítimas;Pleno dia;Crescente;Ceu Claro;Dupla;Reta;Urbano;2;2
83043340;2013-08-04;Domingo;16:20:00;SP;116;138.0;SAO JOSE DOS CAMPOS;Falta de atenção;Colisão traseira;Sem Vítimas;Pleno dia;Crescente;Ceu Claro;Dupla;Reta;Urbano;2;2
83043363;2013-08-04;Domingo;18:20:00;SP;116;140.5;SAO JOSE DOS CAMPOS;Falta de atenção;Colisão traseira;Sem Vítimas;Anoitecer;Crescente;Ceu Claro;Dupla;Reta;Urbano;2;2
83043561;2013-08-02;Sexta;08:30:00;SP;116;105.9;TAUBATE;Não guardar distância de segurança;Colisão traseira;Sem Vítimas;Pleno dia;Crescente;Ceu Claro;Dupla;Reta;Urbano;2;2
83043601;2013-07-31;Quarta;23:20:00;SP;116;182.0;SANTA ISABEL;Falta de atenção;Colisão traseira;Sem Vítimas;Plena noite;Decrescente;Ceu Claro;Múltipla;Reta;Rural;2;2
83043638;2013-08-04;Domingo;04:00:00;SP;116;104.0;TAUBATE;Não guardar distância de segurança;Colisão traseira;Sem Vítimas;Plena noite;Crescente;Ceu Claro;Dupla;Reta;Rural;2;2
83043677;2013-08-05;Segunda;12:40:00;SP;116;226.7;GUARULHOS;Não guardar distância de segurança;Colisão traseira;Sem Vítimas;Pleno dia;Crescente;Ceu Claro;Múltipla;Reta;Urbano;3;3
83043707;2013-08-03;Sábado;22:30:00;SP;116;222.0;GUARULHOS;Ingestão de álcool;Capotamento;Com Vítimas Fatais;Plena noite;Decrescente;Ceu Claro;Múltipla;Reta;Urbano;2;1
83043718;2013-08-02;Sexta;07:20:00;SP;116;154.0;SAO JOSE DOS CAMPOS;Falta de atenção;Colisão lateral;Sem Vítimas;Pleno dia;Crescente;Ceu Claro;Simples;Reta;Urbano;3;3
83043761;2013-07-29;Segunda;08:00:00;SP;116;228.0;SAO PAULO;Velocidade incompatível;Colisão traseira;Sem Vítimas;Pleno dia;Crescente;Ceu Claro;Múltipla;Reta;Urbano;2;2
83043789;2013-08-02;Sexta;10:33:00;SP;116;227.0;GUARULHOS;Velocidade incompatível;Colisão traseira;Sem Vítimas;Pleno dia;Crescente;Ceu Claro;Múltipla;Reta;Urbano;3;3
83043821;2013-08-02;Sexta;21:00:00;SP;116;169.0;JACAREI;Outras;Colisão com objeto fixo;Sem Vítimas;Plena noite;Decrescente;Ceu Claro;Dupla;Reta;Rural;1;1
83043836;2013-08-03;Sábado;23:30:00;SP;116;215.0;GUARULHOS;Não guardar distância de segurança;Colisão lateral;Sem Vítimas;Plena noite;Crescente;Ceu Claro;Múltipla;Reta;Urbano;2;2
83043856;2013-08-05;Segunda;15:30:00;SP;116;222.0;GUARULHOS;Falta de atenção;Capotamento;Sem Vítimas;Pleno dia;Decrescente;Ceu Claro;Dupla;Reta;Urbano;2;1
83043873;2013-08-05;Segunda;17:30:00;SP;116;149.8;SAO JOSE DOS CAMPOS;Falta de atenção;Colisão lateral;Sem Vítimas;Pleno dia;Crescente;Ceu Claro;Múltipla;Reta;Urbano;2;2
83044037;2013-08-05;Segunda;05:30:00;SP;116;212.0;GUARULHOS;Não guardar distância de segurança;Colisão traseira;Sem Vítimas;Amanhecer;Crescente;Ceu Claro;Múltipla;Reta;Urbano;4;3
83044043;2013-08-02;Sexta;09:20:00;SP;116;225.0;GUARULHOS;Falta de atenção;Colisão traseira;Sem Vítimas;Pleno dia;Crescente;Ceu Claro;Simples;Reta;Urbano;3;3
83044156;2013-07-30;Terça;18:30:00;SP;116;127.3;CACAPAVA;Falta de atenção;Colisão traseira;Sem Vítimas;Plena noite;Decrescente;Ceu Claro;Dupla;Reta;Urbano;6;6
83044172;2013-08-03;Sábado;00:50:00;SP;116;228.0;SAO PAULO;Ingestão de álcool;Colisão com objeto fixo;Sem Vítimas;Plena noite;Decrescente;Ceu Claro;Simples;Reta;Urbano;1;1
83044196;2013-08-06;Terça;08:35:00;SP;116;140.0;SAO JOSE DOS CAMPOS;Não guardar distância de segurança;Colisão traseira;Sem Vítimas;Pleno dia;Crescente;Nublado;Dupla;Reta;Urbano;3;3
83044236;2013-08-06;Terça;13:45:00;SP;116;229.9;SAO PAULO;Velocidade incompatível;Colisão lateral;Com Vítimas Feridas;Pleno dia;Crescente;Ceu Claro;Múltipla;Reta;Urbano;2;2
83044269;2013-08-06;Terça;14:15:00;SP;116;165.0;JACAREI;Outras;Colisão traseira;Sem Vítimas;Pleno dia;Decrescente;Sol;Múltipla;Reta;Rural;2;2
83044271;2013-08-02;Sexta;19:30:00;SP;116;220.0;GUARULHOS;Não guardar distância de segurança;Colisão traseira;Sem Vítimas;Plena noite;Decrescente;Ceu Claro;Múltipla;Reta;Urbano;2;2
83044286;2013-07-27;Sábado;14:10:00;SP;116;227.0;GUARULHOS;Outras;Colisão lateral;Sem Vítimas;Pleno dia;Crescente;Sol;Múltipla;Reta;Urbano;2;2
83044330;2013-08-04;Domingo;23:30:00;SP;116;211.0;GUARULHOS;Outras;Colisão lateral;Sem Vítimas;Plena noite;Decrescente;Ceu Claro;Múltipla;Reta;Urbano;2;2
83044356;2013-08-02;Sexta;16:40:00;SP;116;148.0;SAO JOSE DOS CAMPOS;Falta de atenção;Colisão traseira;Sem Vítimas;Pleno dia;Decrescente;Sol;Dupla;Reta;Urbano;3;3
83044580;2013-08-05;Segunda;05:10:00;SP;116;211.7;GUARULHOS;Não guardar distância de segurança;Colisão traseira;Sem Vítimas;Amanhecer;Crescente;Nublado;Múltipla;Reta;Urbano;3;3
83044607;2013-08-02;Sexta;07:45:00;SP;116;138.7;SAO JOSE DOS CAMPOS;Não guardar distância de segurança;Colisão traseira;Sem Vítimas;Pleno dia;Crescente;Sol;Dupla;Reta;Rural;5;4
83044617;2013-08-07;Quarta;08:09:00;SP;116;219.0;GUARULHOS;Falta de atenção;Colisão traseira;Com Vítimas Feridas;Pleno dia;Crescente;Ceu Claro;Múltipla;Reta;Urbano;2;2
83044636;2013-08-06;Terça;06:30:00;SP;116;153.3;SAO JOSE DOS CAMPOS;Velocidade incompatível;Colisão traseira;Sem Vítimas;Pleno dia;Decrescente;Nublado;Múltipla;Reta;Urbano;4;4
83044653;2013-08-02;Sexta;20:20:00;SP;116;112.6;TAUBATE;Falta de atenção;Saída de Pista;Com Vítimas Feridas;Plena noite;Decrescente;Nublado;Dupla;Reta;Urbano;3;1
83044673;2013-08-04;Domingo;01:30:00;SP;116;225.0;GUARULHOS;Falta de atenção;Colisão traseira;Com Vítimas Feridas;Plena noite;Decrescente;Ceu Claro;Múltipla;Reta;Urbano;4;3
83044677;2013-07-19;Sexta;07:00:00;SP;116;222.5;GUARULHOS;Não guardar distância de segurança;Colisão traseira;Com Vítimas Feridas;Amanhecer;Crescente;Ceu Claro;Múltipla;Reta;Urbano;2;2
83044684;2013-08-03;Sábado;22:30:00;SP;116;187.0;ARUJA;Não guardar distância de segurança;Colisão lateral;Sem Vítimas;Plena noite;Crescente;Nublado;Dupla;Reta;Rural;2;2
83044705;2013-08-02;Sexta;15:00:00;SP;116;119.5;CACAPAVA;Defeito mecânico em veículo;Capotamento;Com Vítimas Feridas;Pleno dia;Crescente;Sol;Dupla;Reta;Rural;2;1
83044709;2013-08-04;Domingo;03:10:00;SP;116;229.3;SAO PAULO;Falta de atenção;Colisão traseira;Com Vítimas Feridas;Plena noite;Crescente;Nublado;Múltipla;Reta;Urbano;2;2
83044732;2013-08-06;Terça;14:00:00;SP;116;147.0;SAO JOSE DOS CAMPOS;Falta de atenção;Colisão lateral;Com Vítimas Feridas;Pleno dia;Crescente;Sol;Múltipla;Reta;Urbano;4;2
83044742;2013-07-31;Quarta;07:05:00;SP;116;209.0;GUARULHOS;Falta de atenção;Colisão lateral;Sem Vítimas;Amanhecer;Crescente;Ceu Claro;Dupla;Reta;Urbano;2;2
83044869;2013-08-07;Quarta;19:55:00;SP;116;219.0;GUARULHOS;Falta de atenção;Colisão lateral;Sem Vítimas;Plena noite;Decrescente;Ceu Claro;Múltipla;Curva;Urbano;2;2
83044903;2013-07-22;Segunda;14:00:00;SP;116;223.0;GUARULHOS;Falta de atenção;Colisão lateral;Sem Vítimas;Pleno dia;Decrescente;Sol;Múltipla;Cruzamento;Urbano;2;2
83044964;2013-08-08;Quinta;00:00:00;SP;116;151.4;SAO JOSE DOS CAMPOS;Falta de atenção;Colisão traseira;Sem Vítimas;Plena noite;Decrescente;Ceu Claro;Dupla;Reta;Urbano;2;2
83045087;2013-08-08;Quinta;07:45:00;SP;116;116.3;TAUBATE;Outras;Colisão traseira;Sem Vítimas;Pleno dia;Crescente;Ceu Claro;Dupla;Reta;Rural;2;2
83045124;2013-08-05;Segunda;05:30:00;SP;116;210.0;GUARULHOS;Falta de atenção;Colisão traseira;Sem Vítimas;Amanhecer;Crescente;Ceu Claro;Dupla;Reta;Urbano;4;4
83045130;2013-08-07;Quarta;17:00:00;SP;116;153.0;SAO JOSE DOS CAMPOS;Falta de atenção;Colisão lateral;Sem Vítimas;Pleno dia;Decrescente;Ceu Claro;Dupla;Reta;Urbano;2;2
83045155;2013-07-26;Sexta;00:40:00;SP;116;185.6;SANTA ISABEL;Dormindo;Capotamento;Sem Vítimas;Plena noite;Decrescente;Ceu Claro;Dupla;Curva;Rural;1;1
83045185;2013-08-07;Quarta;22:00:00;SP;116;122.1;CACAPAVA;Outras;Colisão traseira;Sem Vítimas;Plena noite;Decrescente;Ceu Claro;Dupla;Reta;Rural;2;2
83045266;2013-08-06;Terça;07:30:00;SP;116;156.7;SAO JOSE DOS CAMPOS;Não guardar distância de segurança;Colisão traseira;Sem Vítimas;Pleno dia;Decrescente;Ceu Claro;Múltipla;Reta;Rural;3;3
83045273;2013-08-02;Sexta;09:40:00;SP;116;151.0;SAO JOSE DOS CAMPOS;Outras;Colisão com objeto fixo;Sem Vítimas;Pleno dia;Decrescente;Sol;Dupla;Reta;Urbano;2;2
83045329;2013-08-08;Quinta;06:40:00;SP;116;217.8;GUARULHOS;Velocidade incompatível;Colisão traseira;Com Vítimas Feridas;Amanhecer;Crescente;Ceu Claro;Múltipla;Reta;Urbano;9;2
83045370;2013-07-28;Domingo;19:50:00;SP;116;222.0;GUARULHOS;Outras;Colisão com objeto fixo;Sem Vítimas;Plena noite;Decrescente;Ceu Claro;Múltipla;Reta;Urbano;1;1
83045383;2013-07-31;Quarta;18:35:00;SP;116;155.5;SAO JOSE DOS CAMPOS;Não guardar distância de segurança;Colisão traseira;Sem Vítimas;Anoitecer;Crescente;Ceu Claro;Dupla;Reta;Urbano;6;6
83045401;2013-08-03;Sábado;03:35:00;SP;116;168.0;JACAREI;Outras;Danos Eventuais;Sem Vítimas;Plena noite;Crescente;Ceu Claro;Dupla;Reta;Urbano;1;1
83045404;2013-08-08;Quinta;19:15:00;SP;116;112.5;TAUBATE;Falta de atenção;Colisão traseira;Sem Vítimas;Plena noite;Crescente;Nublado;Dupla;Reta;Urbano;2;2
83045506;2013-08-06;Terça;06:15:00;SP;116;213.0;GUARULHOS;Falta de atenção;Queda de motocicleta / bicicleta / veículo;Com Vítimas Feridas;Amanhecer;Decrescente;Ceu Claro;Múltipla;Reta;Urbano;1;1
83045525;2013-08-06;Terça;05:30:00;SP;116;119.2;TAUBATE;Outras;Colisão lateral;Sem Vítimas;Plena noite;Crescente;Ceu Claro;Dupla;Reta;Rural;2;2
83045595;2013-08-03;Sábado;09:50:00;SP;116;134.2;SAO JOSE DOS CAMPOS;Não guardar distância de segurança;Colisão traseira;Com Vítimas Feridas;Pleno dia;Decrescente;Ceu Claro;Múltipla;Reta;Urbano;3;3
83045684;2013-08-06;Terça;06:50:00;SP;116;154.0;SAO JOSE DOS CAMPOS;Falta de atenção;Colisão traseira;Sem Vítimas;Amanhecer;Decrescente;Ceu Claro;Múltipla;Reta;Urbano;3;3
83045718;2013-08-09;Sexta;15:00:00;SP;116;158.7;JACAREI;Outras;Colisão frontal;Sem Vítimas;Pleno dia;Crescente;Ceu Claro;Dupla;Reta;Urbano;2;2
83045727;2013-08-07;Quarta;09:45:00;SP;116;165.0;JACAREI;Não guardar distância de segurança;Colisão traseira;Sem Vítimas;Pleno dia;Decrescente;Nublado;Múltipla;Reta;Urbano;2;2
83045784;2013-08-09;Sexta;09:25:00;SP;116;147.2;SAO JOSE DOS CAMPOS;Outras;Colisão traseira;Com Vítimas Feridas;Pleno dia;Crescente;Ceu Claro;Dupla;Reta;Urbano;2;2
83045888;2013-08-09;Sexta;19:49:00;SP;116;146.0;SAO JOSE DOS CAMPOS;Outras;Queda de motocicleta / bicicleta / veículo;Com Vítimas Feridas;Plena noite;Decrescente;Ceu Claro;Dupla;Reta;Urbano;2;2
83045923;2013-08-09;Sexta;19:50:00;SP;116;146.8;SAO JOSE DOS CAMPOS;Outras;Colisão traseira;Sem Vítimas;Plena noite;Decrescente;Ceu Claro;Dupla;Reta;Urbano;2;2
83045939;2013-08-09;Sexta;21:00:00;SP;116;224.0;GUARULHOS;Outras;Colisão lateral;Sem Vítimas;Plena noite;Decrescente;Ceu Claro;Múltipla;Reta;Urbano;2;2
83045976;2013-08-09;Sexta;23:15:00;SP;116;114.5;TAUBATE;Não guardar distância de segurança;Colisão traseira;Com Vítimas Feridas;Plena noite;Decrescente;Ceu Claro;Dupla;Reta;Urbano;2;2
83046061;2013-08-10;Sábado;05:20:00;SP;116;194.0;SANTA ISABEL;Outras;Colisão lateral;Com Vítimas Feridas;Plena noite;Crescente;Ceu Claro;Dupla;Curva;Rural;2;2
83046179;2013-08-06;Terça;15:20:00;SP;116;219.8;GUARULHOS;Não guardar distância de segurança;Colisão lateral;Com Vítimas Feridas;Pleno dia;Crescente;Nublado;Múltipla;Reta;Urbano;2;2
83046289;2013-08-10;Sábado;12:00:00;SP;116;103.0;TAUBATE;Falta de atenção;Capotamento;Com Vítimas Feridas;Pleno dia;Crescente;Sol;Dupla;Reta;Urbano;1;1
83046296;2013-08-10;Sábado;09:25:00;SP;116;113.8;TAUBATE;Não guardar distância de segurança;Colisão traseira;Com Vítimas Feridas;Pleno dia;Decrescente;Ceu Claro;Dupla;Reta;Urbano;4;4
83046307;2013-08-10;Sábado;09:10:00;SP;116;135.7;SAO JOSE DOS CAMPOS;Outras;Saída de Pista;Sem Vítimas;Pleno dia;Decrescente;Sol;Dupla;Reta;Rural;1;1
83046343;2013-07-31;Quarta;20:30:00;SP;116;165.0;JACAREI;Outras;Colisão lateral;Sem Vítimas;Pleno dia;Decrescente;Ceu Claro;Múltipla;Reta;Rural;2;2
83046513;2013-08-08;Quinta;07:30:00;SP;116;143.2;TAUBATE;Falta de atenção;Colisão traseira;Com Vítimas Feridas;Pleno dia;Decrescente;Ceu Claro;Dupla;Reta;Urbano;2;2
83046517;2013-08-04;Domingo;09:35:00;SP;116;186.0;SANTA ISABEL;Falta de atenção;Saída de Pista;Sem Vítimas;Pleno dia;Crescente;Ceu Claro;Simples;Curva;Urbano;1;1
83046572;2013-07-30;Terça;22:45:00;SP;116;110.5;TAUBATE;Defeito na via;Atropelamento de pessoa;Com Vítimas Feridas;Plena noite;Decrescente;Ceu Claro;Simples;Reta;Urbano;2;1
83046618;2013-07-27;Sábado;06:00:00;SP;116;205.0;ARUJA;Defeito mecânico em veículo;Tombamento;Com Vítimas Fatais;Amanhecer;Decrescente;Ceu Claro;Dupla;Reta;Urbano;5;4
83046692;2013-08-07;Quarta;08:03:00;SP;116;204.1;ARUJA;Outras;Colisão com objeto fixo;Sem Vítimas;Pleno dia;Crescente;Ceu Claro;Simples;Reta;Urbano;1;1
83046796;2013-08-08;Quinta;16:40:00;SP;116;222.0;GUARULHOS;Falta de atenção;Colisão com objeto móvel;Sem Vítimas;Pleno dia;Decrescente;Ceu Claro;Múltipla;Reta;Urbano;1;1
83046802;2013-08-01;Quinta;06:55:00;SP;116;211.0;GUARULHOS;Não guardar distância de segurança;Colisão traseira;Com Vítimas Feridas;Pleno dia;Decrescente;Ceu Claro;Múltipla;Reta;Urbano;2;2
83046828;2013-08-08;Quinta;12:00:00;SP;116;220.0;GUARULHOS;Outras;Queda de motocicleta / bicicleta / veículo;Com Vítimas Feridas;Pleno dia;Decrescente;Ceu Claro;Múltipla;Reta;Rural;2;1
83046846;2013-08-11;Domingo;18:45:00;SP;116;136.5;SAO JOSE DOS CAMPOS;Não guardar distância de segurança;Colisão traseira;Sem Vítimas;Plena noite;Crescente;Ceu Claro;Dupla;Reta;Rural;2;2
83046856;2013-08-11;Domingo;21:30:00;SP;116;108.9;TAUBATE;Outras;Colisão com objeto fixo;Com Vítimas Feridas;Plena noite;Crescente;Ceu Claro;Dupla;Reta;Urbano;1;1
83046859;2013-08-06;Terça;13:00:00;SP;116;220.0;GUARULHOS;Não guardar distância de segurança;Colisão traseira;Sem Vítimas;Pleno dia;Crescente;Ceu Claro;Múltipla;Reta;Rural;3;3
83046861;2013-08-11;Domingo;21:40:00;SP;116;211.0;GUARULHOS;Não guardar distância de segurança;Colisão traseira;Com Vítimas Feridas;Plena noite;Crescente;Ceu Claro;Múltipla;Reta;Urbano;3;2
83046887;2013-08-05;Segunda;18:40:00;SP;116;218.0;GUARULHOS;Não guardar distância de segurança;Colisão traseira;Sem Vítimas;Plena noite;Crescente;Ceu Claro;Múltipla;Reta;Urbano;3;3
83046924;2013-07-26;Sexta;22:30:00;SP;116;229.0;SAO PAULO;Não guardar distância de segurança;Colisão traseira;Sem Vítimas;Plena noite;Decrescente;Chuva;Múltipla;Reta;Urbano;4;4
83046962;2013-07-30;Terça;22:00:00;SP;116;226.0;GUARULHOS;Falta de atenção;Capotamento;Com Vítimas Feridas;Plena noite;Decrescente;Ceu Claro;Múltipla;Reta;Urbano;2;2
83047002;2013-08-09;Sexta;20:15:00;SP;116;219.5;GUARULHOS;Outras;Colisão com objeto fixo;Sem Vítimas;Plena noite;Crescente;Ceu Claro;Múltipla;Reta;Urbano;2;2
83047116;2013-08-08;Quinta;09:50:00;SP;116;138.4;SAO JOSE DOS CAMPOS;Outras;Colisão traseira;Sem Vítimas;Pleno dia;Decrescente;Ceu Claro;Múltipla;Reta;Urbano;2;2
83047128;2013-08-08;Quinta;13:15:00;SP;116;220.0;GUARULHOS;Outras;Colisão traseira;Sem Vítimas;Pleno dia;Crescente;Sol;Múltipla;Reta;Urbano;2;2
83047144;2013-08-09;Sexta;05:30:00;SP;116;219.2;GUARULHOS;Outras;Queda de motocicleta / bicicleta / veículo;Com Vítimas Fatais;Plena noite;Decrescente;Ceu Claro;Múltipla;Reta;Urbano;1;1
83047157;2013-08-12;Segunda;10:50:00;SP;116;197.0;ARUJA;Outras;Colisão lateral;Sem Vítimas;Pleno dia;Crescente;Ceu Claro;Dupla;Curva;Urbano;5;2
83047247;2013-08-11;Domingo;19:40:00;SP;116;211.6;GUARULHOS;Falta de atenção;Colisão traseira;Sem Vítimas;Plena noite;Decrescente;Nublado;Múltipla;Reta;Urbano;2;2
83047345;2013-08-08;Quinta;08:50:00;SP;116;218.0;GUARULHOS;Falta de atenção;Colisão lateral;Com Vítimas Feridas;Pleno dia;Decrescente;Ceu Claro;Dupla;Reta;Urbano;2;2
83047407;2013-08-11;Domingo;10:00:00;SP;116;219.0;GUARULHOS;Outras;Saída de Pista;Com Vítimas Feridas;Pleno dia;Decrescente;Ceu Claro;Dupla;Reta;Rural;6;1
83047438;2013-08-12;Segunda;19:10:00;SP;116;156.6;SAO JOSE DOS CAMPOS;Falta de atenção;Queda de motocicleta / bicicleta / veículo;Com Vítimas Feridas;Plena noite;Crescente;Ceu Claro;Dupla;Reta;Urbano;2;1
83047463;2013-08-09;Sexta;08:15:00;SP;116;109.2;TAUBATE;Não guardar distância de segurança;Colisão traseira;Sem Vítimas;Pleno dia;Crescente;Ceu Claro;Dupla;Reta;Rural;3;3
83047471;2013-08-08;Quinta;08:00:00;SP;116;160.0;JACAREI;Falta de atenção;Colisão traseira;Sem Vítimas;Pleno dia;Decrescente;Ceu Claro;Dupla;Reta;Urbano;2;2
83047478;2013-08-13;Terça;09:45:00;SP;116;112.5;TAUBATE;Falta de atenção;Colisão traseira;Sem Vítimas;Pleno dia;Crescente;Ceu Claro;Dupla;Reta;Urbano;2;2
83047485;2013-08-10;Sábado;15:10:00;SP;116;227.0;GUARULHOS;Falta de atenção;Colisão lateral;Sem Vítimas;Pleno dia;Decrescente;Ceu Claro;Múltipla;Reta;Urbano;3;2
83047538;2013-08-12;Segunda;05:50:00;SP;116;214.0;GUARULHOS;Falta de atenção;Colisão lateral;Sem Vítimas;Amanhecer;Crescente;Nublado;Múltipla;Reta;Urbano;2;2