id;data_inversa;dia_semana;horario;uf;br;km;municipio;causa_acidente;tipo_acidente;classificacao_acidente;fase_dia;sentido_via;condicao_metereologica;tipo_pista;tracado_via;uso_solo;pessoas;veiculos
83047560;2013-08-12;Segunda;20:00:00;SP;116;208.8;GUARULHOS;Não guardar distância de segurança;Colisão lateral;Sem Vítimas;Plena noite;Crescente;Ceu Claro;Dupla;Reta;Urbano;2;2
83047720;2013-08-12;Segunda;09:30:00;SP;116;228.0;SAO PAULO;Falta de atenção;Colisão lateral;Com Vítimas Feridas;Pleno dia;Crescente;Ceu Claro;Múltipla;Reta;Urbano;2;2
83047730;2013-08-12;Segunda;19:30:00;SP;116;220.0;GUARULHOS;Falta de atenção;Colisão lateral;Sem Vítimas;Plena noite;Crescente;Ceu Claro;Múltipla;Reta;Urbano;2;2
83047871;2013-08-11;Domingo;22:30:00;SP;116;212.0;GUARULHOS;Ingestão de álcool;Colisão traseira;Sem Vítimas;Plena noite;Crescente;Ceu Claro;Múltipla;Reta;Urbano;2;2
83047879;2013-08-10;Sábado;12:00:00;SP;116;146.0;SAO JOSE DOS CAMPOS;Falta de atenção;Colisão lateral;Sem Vítimas;Pleno dia;Crescente;Sol;Dupla;Reta;Urbano;2;2
83047970;2013-08-08;Quinta;03:50:00;SP;116;112.6;TAUBATE;Não guardar distância de segurança;Colisão traseira;Sem Vítimas;Plena noite;Decrescente;Ceu Claro;Dupla;Reta;Urbano;3;3
83047988;2013-08-11;Domingo;14:40:00;SP;116;223.0;GUARULHOS;Outras;Colisão lateral;Sem Vítimas;Pleno dia;Decrescente;Ceu Claro;Múltipla;Reta;Urbano;2;2
83048005;2013-08-02;Sexta;03:00:00;SP;116;224.0;GUARULHOS;Dormindo;Colisão traseira;Sem Vítimas;Plena noite;Decrescente;Ceu Claro;Múltipla;Reta;Urbano;2;2
83048014;2013-08-13;Terça;15:30:00;SP;116;187.0;SANTA ISABEL;Falta de atenção;Colisão traseira;Sem Vítimas;Pleno dia;Decrescente;Ceu Claro;Dupla;Reta;Rural;2;2
83048059;2013-08-11;Domingo;02:40:00;SP;116;218.1;GUARULHOS;Falta de atenção;Capotamento;Com Vítimas Feridas;Plena noite;Decrescente;Nublado;Múltipla;Reta;Urbano;1;1
83048084;2013-08-10;Sábado;08:45:00;SP;116;110.5;TAUBATE;Falta de atenção;Colisão traseira;Sem Vítimas;Pleno dia;Crescente;Ceu Claro;Dupla;Reta;Urbano;2;2
83048094;2013-08-12;Segunda;06:40:00;SP;116;220.0;GUARULHOS;Não guardar distância de segurança;Colisão traseira;Sem Vítimas;Pleno dia;Crescente;Ceu Claro;Múltipla;Reta;Urbano;2;2
83048101;2013-08-10;Sábado;06:21:00;SP;116;150.0;SAO JOSE DOS CAMPOS;Outras;Capotamento;Sem Vítimas;Amanhecer;Crescente;Nevoeiro/neblina;Dupla;Reta;Urbano;4;4
83048200;2013-08-12;Segunda;15:05:00;SP;116;139.0;SAO JOSE DOS CAMPOS;Outras;Capotamento;Com Vítimas Feridas;Pleno dia;Crescente;Ceu Claro;Dupla;Reta;Urbano;2;2
83048205;2013-08-10;Sábado;21:50:00;SP;116;105.7;TAUBATE;Outras;Colisão frontal;Com Vítimas Fatais;Plena noite;Decrescente;Ceu Claro;Dupla;Reta;Urbano;2;2
83048215;2013-08-11;Domingo;07:20:00;SP;116;121.0;CACAPAVA;Defeito mecânico em veículo;Capotamento;Com Vítimas Feridas;Pleno dia;Decrescente;Ceu Claro;Dupla;Reta;Rural;2;1
83048286;2013-08-11;Domingo;00:30:00;SP;116;120.0;CACAPAVA;Outras;Colisão com objeto fixo;Com Vítimas Feridas;Plena noite;Crescente;Nublado;Dupla;Reta;Rural;6;2
83048309;2013-08-12;Segunda;19:10:00;SP;116;156.6;SAO JOSE DOS CAMPOS;Não guardar distância de segurança;Colisão traseira;Sem Vítimas;Plena noite;Crescente;Ceu Claro;Dupla;Reta;Urbano;2;2
83048344;2013-08-14;Quarta;18:20:00;SP;116;146.5;SAO JOSE DOS CAMPOS;Outras;Atropelamento de pessoa;Com Vítimas Feridas;Plena noite;Crescente;Chuva;Dupla;Reta;Urbano;3;1
83048352;2013-08-14;Quarta;12:00:00;SP;116;105.1;TAUBATE;Outras;Colisão com objeto fixo;Sem Vítimas;Pleno dia;Crescente;Chuva;Dupla;Reta;Rural;2;1
83048380;2013-08-14;Quarta;19:30:00;SP;116;101.2;TAUBATE;Falta de atenção;Tombamento;Sem Vítimas;Plena noite;Decrescente;Chuva;Dupla;Reta;Rural;1;1
83048399;2013-08-10;Sábado;21:51:00;SP;116;105.7;TAUBATE;Outras;Colisão traseira;Sem Vítimas;Plena noite;Decrescente;Ceu Claro;Dupla;Reta;Urbano;2;2
83048402;2013-08-10;Sábado;10:20:00;SP;116;102.0;PINDAMONHANGABA;Outras;Colisão traseira;Sem Vítimas;Pleno dia;Decrescente;Ceu Claro;Múltipla;Reta;Rural;2;2
83048518;2013-08-12;Segunda;06:30:00;SP;116;219.7;GUARULHOS;Não guardar distância de segurança;Colisão traseira;Sem Vítimas;Pleno dia;Crescente;Nevoeiro/neblina;Múltipla;Reta;Urbano;3;3
83048550;2013-08-15;Quinta;09:30:00;SP;116;165.0;JACAREI;Falta de atenção;Colisão traseira;Sem Vítimas;Pleno dia;Decrescente;Nublado;Múltipla;Reta;Rural;2;2
83048591;2013-08-15;Quinta;06:50:00;SP;116;110.0;TAUBATE;Falta de atenção;Colisão traseira;Com Vítimas Feridas;Pleno dia;Crescente;Nublado;Dupla;Reta;Urbano;2;2
83048604;2013-08-13;Terça;18:20:00;SP;116;107.9;TAUBATE;Falta de atenção;Colisão traseira;Com Vítimas Feridas;Plena noite;Crescente;Ceu Claro;Múltipla;Reta;Urbano;2;2
83048622;2013-08-15;Quinta;07:40:00;SP;116;141.4;SAO JOSE DOS CAMPOS;Não guardar distância de segurança;Colisão traseira;Sem Vítimas;Pleno dia;Crescente;Ceu Claro;Dupla;Reta;Urbano;3;3
83048644;2013-08-12;Segunda;22:30:00;SP;116;220.0;GUARULHOS;Falta de atenção;Colisão lateral;Sem Vítimas;Plena noite;Decrescente;Ceu Claro;Múltipla;Reta;Urbano;2;2
83048792;2013-08-15;Quinta;12:00:00;SP;116;210.0;GUARULHOS;Falta de atenção;Colisão lateral;Sem Vítimas;Pleno dia;Decrescente;Nublado;Simples;Reta;Urbano;2;2
83048864;2013-08-15;Quinta;15:10:00;SP;116;209.9;GUARULHOS;Falta de atenção;Colisão traseira;Sem Vítimas;Pleno dia;Crescente;Ceu Claro;Dupla;Reta;Urbano;2;2
83048870;2013-08-15;Quinta;07:45:00;SP;116;137.7;SAO JOSE DOS CAMPOS;Falta de atenção;Colisão traseira;Sem Vítimas;Pleno dia;Crescente;Ceu Claro;Dupla;Reta;Rural;2;2
83048935;2013-08-08;Quinta;08:25:00;SP;116;201.0;ARUJA;Falta de atenção;Colisão traseira;Com Vítimas Feridas;Pleno dia;Crescente;Nublado;Simples;Reta;Urbano;3;2
83048986;2013-08-07;Quarta;19:30:00;SP;116;218.0;GUARULHOS;Falta de atenção;Colisão traseira;Sem Vítimas;Plena noite;Crescente;Ceu Claro;Múltipla;Reta;Urbano;2;2
83049003;2013-08-06;Terça;07:30:00;SP;116;210.8;GUARULHOS;Ultrapassagem indevida;Queda de motocicleta / bicicleta / veículo;Com Vítimas Feridas;Amanhecer;Crescente;Ceu Claro;Múltipla;Reta;Urbano;1;1
83049008;2013-08-15;Quinta;23:40:00;SP;116;112.5;TAUBATE;Falta de atenção;Colisão traseira;Com Vítimas Feridas;Plena noite;Decrescente;Ceu Claro;Dupla;Reta;Urbano;4;4
83049124;2013-08-12;Segunda;14:20:00;SP;116;174.0;JACAREI;Falta de atenção;Colisão traseira;Sem Vítimas;Pleno dia;Crescente;Sol;Dupla;Reta;Urbano;2;2
83049264;2013-08-16;Sexta;11:15:00;SP;116;110.0;TAUBATE;Outras;Colisão lateral;Sem Vítimas;Pleno dia;Decrescente;Ceu Claro;Dupla;Reta;Urbano;2;2
83049367;2013-08-12;Segunda;18:15:00;SP;116;186.0;SANTA ISABEL;Falta de atenção;Tombamento;Sem Vítimas;Anoitecer;Crescente;Ceu Claro;Simples;Curva;Urbano;1;1
83049368;2013-08-12;Segunda;18:30:00;SP;116;148.0;SAO JOSE DOS CAMPOS;Não guardar distância de segurança;Colisão traseira;Sem Vítimas;Anoitecer;Decrescente;Ceu Claro;Dupla;Reta;Rural;4;4
83049439;2013-08-09;Sexta;16:10:00;SP;116;224.5;GUARULHOS;Não guardar distância de segurança;Colisão lateral;Sem Vítimas;Pleno dia;Crescente;Ceu Claro;Múltipla;Reta;Urbano;3;3
83049470;2013-08-16;Sexta;18:22:00;SP;116;108.8;TAUBATE;Falta de atenção;Colisão traseira;Com Vítimas Feridas;Plena noite;Decrescente;Nublado;Dupla;Reta;Urbano;4;3
83049474;2013-08-13;Terça;10:20:00;SP;116;182.0;SANTA ISABEL;Falta de atenção;Colisão traseira;Sem Vítimas;Pleno dia;Decrescente;Nublado;Dupla;Reta;Rural;2;2
83049481;2013-08-13;Terça;08:00:00;SP;116;153.5;SAO JOSE DOS CAMPOS;Defeito mecânico em veículo;Tombamento;Sem Vítimas;Plena noite;Decrescente;Ceu Claro;Dupla;Reta;Urbano;1;1
83049519;2013-08-14;Quarta;01:30:00;SP;116;172.4;JACAREI;Outras;Colisão com objeto fixo;Sem Vítimas;Plena noite;Decrescente;Ceu Claro;Dupla;Reta;Rural;1;1
83049559;2013-08-16;Sexta;23:15:00;SP;116;112.0;TAUBATE;Outras;Colisão traseira;Sem Vítimas;Plena noite;Decrescente;Ceu Claro;Dupla;Reta;Urbano;2;2
83049628;2013-08-17;Sábado;04:00:00;SP;116;154.0;SAO JOSE DOS CAMPOS;Falta de atenção;Colisão com objeto fixo;Sem Vítimas;Plena noite;Crescente;Ceu Claro;Múltipla;Reta;Rural;1;1
83049664;2013-08-16;Sexta;13:20:00;SP;116;192.0;SANTA ISABEL;Defeito mecânico em veículo;Saída de Pista;Sem Vítimas;Pleno dia;Crescente;Ceu Claro;Dupla;Curva;Rural;1;1
83049790;2013-08-12;Segunda;07:15:00;SP;116;219.0;GUARULHOS;Não guardar distância de segurança;Colisão traseira;Sem Vítimas;Pleno dia;Decrescente;Ceu Claro;Dupla;Reta;Urbano;2;2
83049799;2013-08-15;Quinta;16:20:00;SP;116;219.0;GUARULHOS;Falta de atenção;Saída de Pista;Sem Vítimas;Pleno dia;Crescente;Nublado;Dupla;Reta;Urbano;1;1
83049916;2013-08-17;Sábado;16:15:00;SP;116;221.8;GUARULHOS;Não guardar distância de segurança;Colisão lateral;Sem Vítimas;Pleno dia;Crescente;Nublado;Múltipla;Reta;Urbano;2;2
83049919;2013-08-17;Sábado;14:15:00;SP;116;204.0;ARUJA;Não guardar distância de segurança;Colisão traseira;Sem Vítimas;Pleno dia;Decrescente;Nublado;Múltipla;Reta;Urbano;2;2
83049961;2013-08-16;Sexta;22:20:00;SP;116;221.0;GUARULHOS;Falta de atenção;Colisão traseira;Sem Vítimas;Plena noite;Decrescente;Ceu Claro;Múltipla;Reta;Urbano;2;2
83050018;2013-08-17;Sábado;20:30:00;SP;116;222.2;GUARULHOS;Outras;Queda de motocicleta / bicicleta / veículo;Com Vítimas Feridas;Plena noite;Decrescente;Ceu Claro;Múltipla;Reta;Urbano;1;1
83050033;2013-08-17;Sábado;21:55:00;SP;116;155.5;SAO JOSE DOS CAMPOS;Ingestão de álcool;Colisão com objeto fixo;Com Vítimas Feridas;Plena noite;Decrescente;Ceu Claro;Dupla;Reta;Urbano;1;1
83050075;2013-08-17;Sábado;23:20:00;SP;116;112.4;TAUBATE;Falta de atenção;Colisão traseira;Sem Vítimas;Plena noite;Decrescente;Ceu Claro;Dupla;Reta;Urbano;3;3
83050173;2013-08-14;Quarta;18:35:00;SP;116;122.2;CACAPAVA;Não guardar distância de segurança;Colisão traseira;Sem Vítimas;Plena noite;Decrescente;Ceu Claro;Dupla;Reta;Rural;2;2
83050205;2013-08-17;Sábado;11:10:00;SP;116;229.7;SAO PAULO;Não guardar distância de segurança;Colisão traseira;Com Vítimas Feridas;Pleno dia;Decrescente;Nublado;Múltipla;Reta;Urbano;3;2
83050225;2013-08-14;Quarta;08:00:00;SP;116;216.9;GUARULHOS;Outras;Colisão traseira;Com Vítimas Feridas;Pleno dia;Crescente;Nublado;Múltipla;Reta;Urbano;2;2
83050251;2013-08-11;Domingo;19:00:00;SP;116;139.4;SAO JOSE DOS CAMPOS;Não guardar distância de segurança;Colisão traseira;Sem Vítimas;Plena noite;Crescente;Ceu Claro;Múltipla;Reta;Urbano;3;3
83050304;2013-08-18;Domingo;12:10:00;SP;116;207.0;GUARULHOS;Outras;Colisão com objeto fixo;Com Vítimas Feridas;Pleno dia;Crescente;Nublado;Dupla;Reta;Urbano;2;1
83050312;2013-08-18;Domingo;14:00:00;SP;116;140.0;SAO JOSE DOS CAMPOS;Falta de atenção;Colisão traseira;Sem Vítimas;Pleno dia;Crescente;Ceu Claro;Dupla;Reta;Urbano;3;3
83050381;2013-08-14;Quarta;14:50:00;SP;116;211.0;GUARULHOS;Desobediência à sinalização;Colisão lateral;Sem Vítimas;Pleno dia;Crescente;Ceu Claro;Simples;Reta;Urbano;2;2
83050472;2013-08-16;Sexta;20:45:00;SP;116;221.2;GUARULHOS;Falta de atenção;Colisão traseira;Sem Vítimas;Plena noite;Decrescente;Nublado;Múltipla;Reta;Urbano;3;3
83050490;2013-08-13;Terça;14:40:00;SP;116;201.0;GUARULHOS;Falta de atenção;Colisão lateral;Com Vítimas Feridas;Pleno dia;Decrescente;Ceu Claro;Múltipla;Curva;Urbano;3;2
83050498;2013-08-16;Sexta;21:45:00;SP;116;220.0;GUARULHOS;Outras;Colisão com objeto fixo;Sem Vítimas;Plena noite;Crescente;Ceu Claro;Múltipla;Reta;Urbano;1;1
83050507;2013-08-18;Domingo;20:00:00;SP;116;122.0;CACAPAVA;Defeito mecânico em veículo;Queda de motocicleta / bicicleta / veículo;Com Vítimas Feridas;Pleno dia;Decrescente;Nublado;Dupla;Reta;Rural;2;1
83050519;2013-08-18;Domingo;16:20:00;SP;116;142.8;SAO JOSE DOS CAMPOS;Outras;Colisão com objeto fixo;Sem Vítimas;Pleno dia;Decrescente;Nublado;Dupla;Reta;Urbano;6;3
83050551;2013-08-10;Sábado;08:15:00;SP;116;223.0;GUARULHOS;Falta de atenção;Colisão traseira;Com Vítimas Feridas;Pleno dia;Crescente;Ceu Claro;Múltipla;Reta;Urbano;3;2
83050564;2013-08-05;Segunda;06:50:00;SP;116;210.0;GUARULHOS;Falta de atenção;Colisão traseira;Com Vítimas Feridas;Pleno dia;Crescente;Nublado;Simples;Reta;Urbano;3;3
83050573;2013-08-14;Quarta;07:00:00;SP;116;223.3;GUARULHOS;Falta de atenção;Colisão com objeto fixo;Sem Vítimas;Pleno dia;Crescente;Chuva;Múltipla;Reta;Urbano;1;1
83050664;2013-08-18;Domingo;22:15:00;SP;116;209.7;GUARULHOS;Ingestão de álcool;Colisão com objeto fixo;Sem Vítimas;Plena noite;Crescente;Ceu Claro;Dupla;Reta;Urbano;1;1
83050716;2013-08-17;Sábado;00:20:00;SP;116;228.0;SAO PAULO;Falta de atenção;Colisão com objeto fixo;Com Vítimas Feridas;Plena noite;Crescente;Ceu Claro;Múltipla;Reta;Urbano;4;2
83050779;2013-08-12;Segunda;23:10:00;SP;116;227.0;GUARULHOS;Outras;Queda de motocicleta / bicicleta / veículo;Com Vítimas Feridas;Plena noite;Crescente;Ceu Claro;Múltipla;Reta;Rural;1;1
83050888;2013-08-14;Quarta;16:00:00;SP;116;146.5;SAO JOSE DOS CAMPOS;Falta de atenção;Colisão lateral;Sem Vítimas;Pleno dia;Crescente;Ceu Claro;Simples;Reta;Urbano;2;2
83050912;2013-08-16;Sexta;07:00:00;SP;116;139.6;SAO JOSE DOS CAMPOS;Falta de atenção;Colisão traseira;Sem Vítimas;Pleno dia;Crescente;Sol;Dupla;Reta;Urbano;2;2
83050914;2013-08-19;Segunda;13:30:00;SP;116;220.0;GUARULHOS;Falta de atenção;Colisão com objeto fixo;Sem Vítimas;Pleno dia;Decrescente;Sol;Múltipla;Reta;Urbano;1;1
83050924;2013-08-16;Sexta;07:30:00;SP;116;212.0;GUARULHOS;Outras;Colisão com objeto móvel;Sem Vítimas;Pleno dia;Crescente;Sol;Múltipla;Reta;Urbano;1;1
83050933;2013-08-15;Quinta;18:00:00;SP;116;120.5;CACAPAVA;Outras;Colisão lateral;Sem Vítimas;Anoitecer;Crescente;Nublado;Dupla;Reta;Rural;2;2
83050935;2013-08-19;Segunda;08:00:00;SP;116;140.2;SAO JOSE DOS CAMPOS;Não guardar distância de segurança;Colisão traseira;Sem Vítimas;Pleno dia;Crescente;Sol;Dupla;Reta;Urbano;3;3
83050965;2013-08-18;Domingo;05:00:00;SP;116;186.0;SANTA ISABEL;Ingestão de álcool;Colisão lateral;Com Vítimas Feridas;Amanhecer;Decrescente;Nublado;Simples;Curva;Urbano;4;2
83050980;2013-08-19;Segunda;15:15:00;SP;116;212.0;GUARULHOS;Não guardar distância de segurança;Colisão traseira;Sem Vítimas;Pleno dia;Crescente;Nublado;Múltipla;Reta;Urbano;5;5
83051054;2013-08-16;Sexta;08:25:00;SP;116;227.0;SAO PAULO;Outras;Colisão traseira;Sem Vítimas;Amanhecer;Crescente;Nublado;Simples;Curva;Rural;4;4
83051105;2013-08-17;Sábado;15:30:00;SP;116;216.0;GUARULHOS;Não guardar distância de segurança;Colisão traseira;Sem Vítimas;Pleno dia;Crescente;Nublado;Múltipla;Reta;Urbano;2;2
83051108;2013-08-15;Quinta;17:30:00;SP;116;120.0;CACAPAVA;Não guardar distância de segurança;Colisão traseira;Sem Vítimas;Anoitecer;Crescente;Ceu Claro;Múltipla;Reta;Rural;2;2
83051130;2013-08-19;Segunda;08:19:00;SP;116;138.8;SAO JOSE DOS CAMPOS;Não guardar distância de segurança;Colisão traseira;Sem Vítimas;Pleno dia;Crescente;Ceu Claro;Múltipla;Reta;Urbano;2;2
83051344;2013-08-19;Segunda;18:30:00;SP;116;203.0;ARUJA;Velocidade incompatível;Colisão lateral;Com Vítimas Feridas;Plena noite;Decrescente;Ceu Claro;Dupla;Reta;Urbano;2;2
83051394;2013-08-20;Terça;11:35:00;SP;116;145.3;SAO JOSE DOS CAMPOS;Não guardar distância de segurança;Colisão traseira;Sem Vítimas;Pleno dia;Crescente;Sol;Múltipla;Reta;Urbano;2;2
83051424;2013-08-08;Quinta;11:00:00;SP;116;218.0;GUARULHOS;Outras;Colisão com objeto móvel;Sem Vítimas;Pleno dia;Decrescente;Sol;Múltipla;Reta;Urbano;1;1
83051456;2013-08-20;Terça;08:30:00;SP;116;139.0;SAO JOSE DOS CAMPOS;Outras;Colisão traseira;Sem Vítimas;Pleno dia;Crescente;Ceu Claro;Dupla;Reta;Urbano;2;2
83051489;2013-08-17;Sábado;04:15:00;SP;116;212.0;GUARULHOS;Outras;Atropelamento de pessoa;Com Vítimas Fatais;Plena noite;Decrescente;Nublado;Múltipla;Reta;Urbano;2;1
83051493;2013-08-20;Terça;14:20:00;SP;116;222.0;GUARULHOS;Não guardar distância de segurança;Colisão traseira;Sem Vítimas;Pleno dia;Crescente;Ceu Claro;Múltipla;Reta;Urbano;3;3
83051543;2013-08-20;Terça;19:00:00;SP;116;150.0;SAO JOSE DOS CAMPOS;Falta de atenção;Colisão traseira;Sem Vítimas;Plena noite;Crescente;Ceu Claro;Simples;Reta;Urbano;2;2
83051555;2013-08-20;Terça;18:30:00;SP;116;157.5;SAO JOSE DOS CAMPOS;Não guardar distância de segurança;Colisão traseira;Sem Vítimas;Anoitecer;Crescente;Ceu Claro;Dupla;Reta;Rural;2;2
83051604;2013-08-19;Segunda;09:20:00;SP;116;212.0;GUARULHOS;Falta de atenção;Colisão traseira;Sem Vítimas;Pleno dia;Crescente;Nublado;Múltipla;Reta;Rural;2;2
83051629;2013-08-20;Terça;16:50:00;SP;116;205.0;ARUJA;Defeito mecânico em veículo;Queda de motocicleta / bicicleta / veículo;Com Vítimas Feridas;Pleno dia;Decrescente;Ceu Claro;Múltipla;Reta;Urbano;1;1
83051662;2013-08-20;Terça;14:00:00;SP;116;204.0;ARUJA;Outras;Colisão traseira;Sem Vítimas;Pleno dia;Decrescente;Sol;Dupla;Reta;Urbano;2;2
83051681;2013-08-20;Terça;12:11:00;SP;116;121.4;CACAPAVA;Defeito mecânico em veículo;Colisão com objeto fixo;Sem Vítimas;Pleno dia;Crescente;Ceu Claro;Dupla;Reta;Urbano;1;1
83051685;2013-08-20;Terça;15:00:00;SP;116;120.8;CACAPAVA;Outras;Colisão lateral;Sem Vítimas;Pleno dia;Crescente;Ceu Claro;Dupla;Reta;Urbano;2;2
83051790;2013-08-17;Sábado;14:20:00;SP;116;204.0;ARUJA;Não guardar distância de segurança;Colisão traseira;Sem Vítimas;Pleno dia;Crescente;Nublado;Simples;Reta;Urbano;2;2
83051811;2013-08-17;Sábado;01:00:00;SP;116;186.3;SANTA ISABEL;Falta de atenção;Colisão traseira;Com Vítimas Feridas;Plena noite;Crescente;Ceu Claro;Dupla;Reta;Urbano;2;2
83051842;2013-08-21;Quarta;07:00:00;SP;116;99.0;PINDAMONHANGABA;Outras;Queda de motocicleta / bicicleta / veículo;Com Vítimas Feridas;Pleno dia;Decrescente;Ceu Claro;Dupla;Reta;Urbano;1;1
83051873;2013-08-11;Domingo;11:30:00;SP;116;223.0;GUARULHOS;Outras;Colisão com objeto fixo;Sem Vítimas;Pleno dia;Crescente;Nublado;Múltipla;Reta;Urbano;2;2
83051889;2013-08-15;Quinta;13:20:00;SP;116;228.0;SAO PAULO;Outras;Colisão com objeto fixo;Sem Vítimas;Pleno dia;Decrescente;Ceu Claro;Múltipla;Reta;Urbano;2;2
83051895;2013-08-20;Terça;05:00:00;SP;116;139.0;SAO JOSE DOS CAMPOS;Outras;Colisão lateral;Sem Vítimas;Amanhecer;Decrescente;Ceu Claro;Dupla;Reta;Urbano;2;2
83051900;2013-08-19;Segunda;09:30:00;SP;116;212.0;GUARULHOS;Não guardar distância de segurança;Colisão traseira;Com Vítimas Feridas;Pleno dia;Crescente;Ceu Claro;Múltipla;Reta;Urbano;2;2
83051917;2013-08-20;Terça;09:10:00;SP;116;124.8;CACAPAVA;Outras;Colisão traseira;Sem Vítimas;Pleno dia;Crescente;Ceu Claro;Dupla;Reta;Urbano;2;2
83052002;2013-08-21;Quarta;12:15:00;SP;116;229.0;SAO PAULO;Falta de atenção;Colisão lateral;Sem Vítimas;Pleno dia;Decrescente;Ceu Claro;Múltipla;Reta;Urbano;4;4
83052075;2013-08-19;Segunda;19:45:00;SP;116;229.0;SAO PAULO;Outras;Colisão com objeto fixo;Sem Vítimas;Plena noite;Crescente;Ceu Claro;Múltipla;Reta;Urbano;2;2
83052080;2013-08-21;Quarta;16:20:00;SP;116;109.5;TAUBATE;Não guardar distância de segurança;Colisão traseira;Sem Vítimas;Pleno dia;Decrescente;Sol;Dupla;Reta;Rural;2;2
83052108;2013-08-19;Segunda;00:10:00;SP;116;155.0;SAO JOSE DOS CAMPOS;Outras;Colisão traseira;Com Vítimas Feridas;Plena noite;Crescente;Nublado;Dupla;Reta;Urbano;2;2
83052144;2013-08-21;Quarta;17:10:00;SP;116;216.8;GUARULHOS;Não guardar distância de segurança;Colisão traseira;Com Vítimas Feridas;Pleno dia;Decrescente;Ceu Claro;Múltipla;Reta;Urbano;2;2
83052146;2013-08-21;Quarta;18:50:00;SP;116;154.0;SAO JOSE DOS CAMPOS;Falta de atenção;Colisão lateral;Sem Vítimas;Plena noite;Crescente;Ceu Claro;Dupla;Reta;Urbano;2;2
83052161;2013-08-21;Quarta;19:00:00;SP;116;215.0;GUARULHOS;Outras;Colisão lateral;Sem Vítimas;Plena noite;Crescente;Ceu Claro;Múltipla;Reta;Urbano;2;2
83052163;2013-08-14;Quarta;06:55:00;SP;116;125.6;CACAPAVA;Outras;Colisão com objeto fixo;Sem Vítimas;Pleno dia;Decrescente;Chuva;Dupla;Reta;Urbano;1;1
83052200;2013-08-17;Sábado;23:30:00;SP;116;138.0;SAO JOSE DOS CAMPOS;Outras;Colisão traseira;Com Vítimas Fatais;Plena noite;Decrescente;Ceu Claro;Dupla;Reta;Urbano;5;2
83052224;2013-08-21;Quarta;18:55:00;SP;116;212.0;GUARULHOS;Não guardar distância de segurança;Colisão traseira;Com Vítimas Feridas;Plena noite;Crescente;Nublado;Dupla;Reta;Urbano;2;2
83052269;2013-08-21;Quarta;21:30:00;SP;116;109.2;TAUBATE;Outras;Queda de motocicleta / bicicleta / veículo;Com Vítimas Feridas;Plena noite;Decrescente;Ceu Claro;Dupla;Reta;Urbano;2;2
83052381;2013-08-13;Terça;07:30:00;SP;116;156.1;SAO JOSE DOS CAMPOS;Não guardar distância de segurança;Colisão traseira;Sem Vítimas;Pleno dia;Decrescente;Ceu Claro;Múltipla;Reta;Urbano;3;3
83052392;2013-08-20;Terça;22:30:00;SP;116;224.2;GUARULHOS;Ingestão de álcool;Colisão com objeto fixo;Sem Vítimas;Plena noite;Crescente;Ceu Claro;Múltipla;Reta;Rural;1;1
83052397;2013-08-20;Terça;05:30:00;SP;116;224.0;GUARULHOS;Não guardar distância de segurança;Colisão traseira;Sem Vítimas;Amanhecer;Crescente;Ceu Claro;Múltipla;Reta;Urbano;6;6
83052432;2013-08-20;Terça;15:30:00;SP;116;223.0;GUARULHOS;Outras;Colisão com objeto móvel;Sem Vítimas;Pleno dia;Decrescente;Ceu Claro;Múltipla;Reta;Urbano;1;1
83052439;2013-08-19;Segunda;05:45:00;SP;116;204.5;ARUJA;Falta de atenção;Colisão lateral;Sem Vítimas;Amanhecer;Crescente;Nublado;Dupla;Reta;Urbano;2;2
83052444;2013-08-19;Segunda;18:00:00;SP;116;182.0;SANTA ISABEL;Não guardar distância de segurança;Colisão traseira;Sem Vítimas;Anoitecer;Decrescente;Ceu Claro;Múltipla;Reta;Urbano;2;2
83052459;2013-08-17;Sábado;22:04:00;SP;116;155.6;SAO JOSE DOS CAMPOS;Não guardar distância de segurança;Colisão traseira;Sem Vítimas;Plena noite;Decrescente;Ceu Claro;Dupla;Reta;Urbano;2;2
83052473;2013-08-22;Quinta;08:30:00;SP;116;103.9;TAUBATE;Não guardar distância de segurança;Colisão traseira;Sem Vítimas;Pleno dia;Decrescente;Ceu Claro;Dupla;Reta;Rural;2;2
83052493;2013-08-19;Segunda;08:30:00;SP;116;219.0;GUARULHOS;Não guardar distância de segurança;Colisão lateral;Com Vítimas Feridas;Pleno dia;Decrescente;Ceu Claro;Múltipla;Reta;Urbano;3;2
83052501;2013-08-06;Terça;12:30:00;SP;116;172.0;GUARAREMA;Falta de atenção;Tombamento;Sem Vítimas;Pleno dia;Crescente;Ceu Claro;Dupla;Reta;Rural;1;1