id;data_inversa;dia_semana;horario;uf;br;km;municipio;causa_acidente;tipo_acidente;classificacao_acidente;fase_dia;sentido_via;condicao_metereologica;tipo_pista;tracado_via;uso_solo;pessoas;veiculos
83073538;2013-09-30;Segunda;17:30:00;SP;116;227.0;GUARULHOS;Não guardar distância de segurança;Colisão traseira;Com Vítimas Feridas;Pleno dia;Decrescente;Nublado;Múltipla;Reta;Urbano;2;2
83073712;2013-09-23;Segunda;17:00:00;SP;116;217.0;GUARULHOS;Falta de atenção;Colisão lateral;Sem Vítimas;Pleno dia;Crescente;Chuva;Múltipla;Reta;Urbano;2;2
83073815;2013-09-29;Domingo;04:40:00;SP;116;102.7;PINDAMONHANGABA;Ingestão de álcool;Colisão traseira;Sem Vítimas;Plena noite;Crescente;Chuva;Dupla;Reta;Rural;2;2
83073817;2013-10-02;Quarta;11:20:00;SP;116;145.8;SAO JOSE DOS CAMPOS;Falta de atenção;Colisão traseira;Sem Vítimas;Pleno dia;Crescente;Ceu Claro;Múltipla;Reta;Urbano;2;2
83073866;2013-10-02;Quarta;07:00:00;SP;116;226.0;GUARULHOS;Falta de atenção;Colisão com objeto fixo;Sem Vítimas;Amanhecer;Decrescente;Chuva;Múltipla;Reta;Urbano;1;1
83073873;2013-09-30;Segunda;00:30:00;SP;116;206.0;GUARULHOS;Animais na Pista;Colisão com objeto móvel;Sem Vítimas;Plena noite;Decrescente;Nublado;Dupla;Reta;Urbano;1;1
83073888;2013-10-02;Quarta;13:30:00;SP;116;213.0;GUARULHOS;Outras;Colisão traseira;Sem Vítimas;Pleno dia;Crescente;Ceu Claro;Múltipla;Reta;Urbano;3;3
83073941;2013-09-24;Terça;08:00:00;SP;116;180.0;GUARAREMA;Animais na Pista;Atropelamento de animal;Sem Vítimas;Pleno dia;Crescente;Sol;Múltipla;Curva;Rural;1;1
83073965;2013-10-02;Quarta;07:30:00;SP;116;216.0;GUARULHOS;Outras;Saída de Pista;Sem Vítimas;Pleno dia;Decrescente;Chuva;Múltipla;Reta;Urbano;1;1
83073972;2013-10-02;Quarta;15:00:00;SP;116;213.0;GUARULHOS;Outras;Colisão lateral;Sem Vítimas;Pleno dia;Crescente;Ceu Claro;Múltipla;Reta;Urbano;2;2
83074039;2013-10-02;Quarta;11:00:00;SP;116;146.2;SAO JOSE DOS CAMPOS;Outras;Colisão lateral;Com Vítimas Feridas;Pleno dia;Crescente;Sol;Dupla;Reta;Urbano;2;2
83074044;2013-10-02;Quarta;18:40:00;SP;116;151.5;SAO JOSE DOS CAMPOS;Outras;Colisão com objeto móvel;Sem Vítimas;Plena noite;Decrescente;Nublado;Simples;Reta;Urbano;1;1
83074110;2013-09-26;Quinta;07:30:00;SP;116;218.0;GUARULHOS;Falta de atenção;Colisão traseira;Com Vítimas Feridas;Pleno dia;Crescente;Ceu Claro;Múltipla;Reta;Urbano;3;3
83074129;2013-10-02;Quarta;19:00:00;SP;116;210.0;GUARULHOS;Não guardar distância de segurança;Colisão traseira;Sem Vítimas;Plena noite;Crescente;Nublado;Dupla;Reta;Urbano;3;3
83074161;2013-09-26;Quinta;21:30:00;SP;116;212.0;GUARULHOS;Outras;Capotamento;Sem Vítimas;Plena noite;Crescente;Ceu Claro;Múltipla;Reta;Urbano;1;1
83074162;2013-10-02;Quarta;00:30:00;SP;116;134.6;SAO JOSE DOS CAMPOS;Não guardar distância de segurança;Colisão traseira;Sem Vítimas;Plena noite;Decrescente;Nublado;Dupla;Reta;Rural;2;2
83074177;2013-10-02;Quarta;09:20:00;SP;116;104.4;TAUBATE;Outras;Colisão traseira;Sem Vítimas;Pleno dia;Decrescente;Chuva;Dupla;Reta;Rural;2;2
83074193;2013-10-02;Quarta;19:05:00;SP;116;103.5;TAUBATE;Outras;Colisão traseira;Sem Vítimas;Plena noite;Crescente;Ceu Claro;Múltipla;Reta;Rural;2;2
83074202;2013-09-30;Segunda;12:55:00;SP;116;201.0;ARUJA;Defeito mecânico em veículo;Tombamento;Sem Vítimas;Pleno dia;Crescente;Chuva;Múltipla;Reta;Urbano;1;1
83074340;2013-09-28;Sábado;05:55:00;SP;116;175.3;GUARAREMA;Outras;Colisão lateral;Sem Vítimas;Amanhecer;Crescente;Ceu Claro;Simples;Reta;Rural;2;2
83074444;2013-10-03;Quinta;11:15:00;SP;116;223.0;GUARULHOS;Outras;Colisão traseira;Com Vítimas Feridas;Pleno dia;Crescente;Nublado;Múltipla;Reta;Urbano;2;2
83074531;2013-09-29;Domingo;19:00:00;SP;116;153.0;SAO JOSE DOS CAMPOS;Outras;Colisão traseira;Sem Vítimas;Anoitecer;Crescente;Ceu Claro;Múltipla;Reta;Rural;4;4
83074538;2013-10-03;Quinta;17:20:00;SP;116;189.0;SANTA ISABEL;Defeito mecânico em veículo;Saída de Pista;Com Vítimas Feridas;Pleno dia;Decrescente;Nublado;Dupla;Reta;Rural;2;1
83074573;2013-10-01;Terça;07:00:00;SP;116;144.9;SAO JOSE DOS CAMPOS;Não guardar distância de segurança;Colisão traseira;Sem Vítimas;Pleno dia;Crescente;Ceu Claro;Dupla;Reta;Rural;2;2
83074576;2013-10-03;Quinta;07:40:00;SP;116;219.0;GUARULHOS;Outras;Colisão traseira;Sem Vítimas;Pleno dia;Crescente;Nublado;Múltipla;Reta;Urbano;2;2
83074592;2013-10-03;Quinta;17:05:00;SP;116;145.0;SAO JOSE DOS CAMPOS;Falta de atenção;Colisão lateral;Sem Vítimas;Pleno dia;Crescente;Chuva;Dupla;Reta;Rural;2;2
83074622;2013-09-27;Sexta;23:50:00;SP;116;146.0;SAO JOSE DOS CAMPOS;Outras;Queda de motocicleta / bicicleta / veículo;Com Vítimas Feridas;Plena noite;Crescente;Ceu Claro;Múltipla;Reta;Rural;1;1
83074652;2013-10-03;Quinta;17:30:00;SP;116;134.0;SAO JOSE DOS CAMPOS;Outras;Colisão traseira;Sem Vítimas;Plena noite;Crescente;Nublado;Dupla;Reta;Rural;2;2
83074680;2013-09-29;Domingo;17:30:00;SP;116;224.0;GUARULHOS;Outras;Colisão com objeto fixo;Com Vítimas Feridas;Anoitecer;Crescente;Ceu Claro;Múltipla;Reta;Urbano;2;1
83074718;2013-10-04;Sexta;02:00:00;SP;116;126.0;CACAPAVA;Outras;Colisão com objeto fixo;Sem Vítimas;Plena noite;Decrescente;Chuva;Dupla;Reta;Urbano;1;1
83074760;2013-10-03;Quinta;21:15:00;SP;116;112.5;TAUBATE;Outras;Colisão traseira;Sem Vítimas;Plena noite;Decrescente;Nublado;Simples;Reta;Urbano;2;2
83074762;2013-10-03;Quinta;21:10:00;SP;116;112.1;TAUBATE;Outras;Atropelamento de pessoa;Com Vítimas Fatais;Plena noite;Decrescente;Nublado;Dupla;Reta;Urbano;2;1
83074860;2013-10-04;Sexta;10:00:00;SP;116;218.0;GUARULHOS;Falta de atenção;Colisão traseira;Sem Vítimas;Pleno dia;Decrescente;Ceu Claro;Múltipla;Reta;Urbano;2;2
83075070;2013-10-04;Sexta;12:10:00;SP;116;228.0;SAO PAULO;Falta de atenção;Colisão traseira;Sem Vítimas;Pleno dia;Decrescente;Nublado;Múltipla;Reta;Urbano;2;2
83075104;2013-10-02;Quarta;05:00:00;SP;116;173.3;JACAREI;Outras;Colisão com objeto fixo;Sem Vítimas;Plena noite;Crescente;Chuva;Dupla;Reta;Rural;1;1
83075109;2013-10-03;Quinta;08:00:00;SP;116;227.0;SAO PAULO;Outras;Colisão lateral;Com Vítimas Feridas;Pleno dia;Crescente;Chuva;Múltipla;Reta;Urbano;2;2
83075179;2013-10-03;Quinta;12:00:00;SP;116;220.0;GUARULHOS;Outras;Colisão traseira;Sem Vítimas;Pleno dia;Decrescente;Nublado;Simples;Reta;Urbano;2;2
83075193;2013-10-02;Quarta;05:20:00;SP;116;187.1;SANTA ISABEL;Outras;Colisão lateral;Sem Vítimas;Amanhecer;Decrescente;Chuva;Dupla;Curva;Rural;3;3
83075201;2013-09-27;Sexta;04:30:00;SP;116;165.0;JACAREI;Não guardar distância de segurança;Colisão traseira;Sem Vítimas;Plena noite;Crescente;Ceu Claro;Simples;Reta;Urbano;2;2
83075208;2013-10-04;Sexta;19:20:00;SP;116;168.9;JACAREI;Outras;Capotamento;Sem Vítimas;Plena noite;Decrescente;Ceu Claro;Dupla;Reta;Urbano;1;1
83075222;2013-10-01;Terça;16:30:00;SP;116;154.5;SAO JOSE DOS CAMPOS;Outras;Colisão lateral;Sem Vítimas;Pleno dia;Decrescente;Sol;Dupla;Reta;Urbano;2;2
83075240;2013-10-02;Quarta;07:30:00;SP;116;145.8;SAO JOSE DOS CAMPOS;Outras;Colisão traseira;Sem Vítimas;Pleno dia;Decrescente;Chuva;Dupla;Reta;Urbano;3;3
83075424;2013-10-01;Terça;17:00:00;SP;116;108.0;TAUBATE;Não guardar distância de segurança;Colisão traseira;Sem Vítimas;Pleno dia;Decrescente;Nublado;Dupla;Reta;Urbano;2;2
83075479;2013-10-03;Quinta;22:30:00;SP;116;203.7;ARUJA;Outras;Colisão traseira;Com Vítimas Fatais;Plena noite;Crescente;Nublado;Dupla;Reta;Urbano;2;2
83075723;2013-10-03;Quinta;13:30:00;SP;116;201.0;GUARULHOS;Outras;Colisão com objeto fixo;Sem Vítimas;Pleno dia;Decrescente;Chuva;Múltipla;Reta;Rural;1;1
83075741;2013-10-01;Terça;09:40:00;SP;116;204.0;ARUJA;Outras;Colisão traseira;Sem Vítimas;Pleno dia;Crescente;Nublado;Dupla;Reta;Urbano;2;2
83075911;2013-10-02;Quarta;23:50:00;SP;116;125.4;CACAPAVA;Outras;Capotamento;Com Vítimas Feridas;Plena noite;Crescente;Ceu Claro;Dupla;Reta;Urbano;4;1
83075947;2013-10-06;Domingo;06:50:00;SP;116;214.0;GUARULHOS;Defeito mecânico em veículo;Queda de motocicleta / bicicleta / veículo;Com Vítimas Feridas;Amanhecer;Crescente;Ceu Claro;Múltipla;Reta;Urbano;2;1
83075985;2013-10-01;Terça;12:30:00;SP;116;159.0;JACAREI;Falta de atenção;Colisão lateral;Sem Vítimas;Pleno dia;Decrescente;Ceu Claro;Dupla;Reta;Urbano;2;2
83076097;2013-10-02;Quarta;11:45:00;SP;116;228.0;SAO PAULO;Outras;Colisão traseira;Sem Vítimas;Pleno dia;Crescente;Nublado;Múltipla;Reta;Urbano;4;4
83076106;2013-10-02;Quarta;17:30:00;SP;116;203.0;ARUJA;Falta de atenção;Colisão lateral;Sem Vítimas;Pleno dia;Decrescente;Nublado;Dupla;Reta;Urbano;3;3
83076112;2013-10-03;Quinta;18:50:00;SP;116;223.0;GUARULHOS;Outras;Colisão traseira;Sem Vítimas;Plena noite;Decrescente;Nublado;Múltipla;Reta;Urbano;2;2
83076117;2013-10-02;Quarta;17:55:00;SP;116;203.0;ARUJA;Não guardar distância de segurança;Colisão traseira;Sem Vítimas;Anoitecer;Decrescente;Nevoeiro/neblina;Múltipla;Reta;Urbano;3;3
83076122;2013-10-01;Terça;06:11:00;SP;116;182.7;SANTA ISABEL;Outras;Colisão com objeto fixo;Sem Vítimas;Pleno dia;Decrescente;Chuva;Dupla;Reta;Rural;1;1
83076138;2013-10-02;Quarta;07:10:00;SP;116;113.2;TAUBATE;Não guardar distância de segurança;Colisão traseira;Sem Vítimas;Pleno dia;Crescente;Chuva;Dupla;Reta;Urbano;3;3
83076178;2013-09-25;Quarta;09:50:00;SP;116;225.0;GUARULHOS;Falta de atenção;Colisão lateral;Com Vítimas Feridas;Pleno dia;Decrescente;Sol;Múltipla;Reta;Urbano;2;2
83076194;2013-09-21;Sábado;13:00:00;SP;116;204.0;ARUJA;Outras;Colisão com objeto fixo;Sem Vítimas;Pleno dia;Crescente;Nublado;Dupla;Reta;Urbano;1;1
83076203;2013-10-01;Terça;14:35:00;SP;116;196.0;ARUJA;Falta de atenção;Colisão lateral;Sem Vítimas;Pleno dia;Decrescente;Ceu Claro;Simples;Curva;Urbano;2;2
83076207;2013-10-06;Domingo;17:20:00;SP;116;213.0;GUARULHOS;Não guardar distância de segurança;Colisão traseira;Com Vítimas Feridas;Pleno dia;Decrescente;Ceu Claro;Múltipla;Reta;Urbano;4;2
83076274;2013-10-06;Domingo;19:20:00;SP;116;204.0;ARUJA;Falta de atenção;Colisão traseira;Sem Vítimas;Plena noite;Crescente;Ceu Claro;Dupla;Reta;Urbano;2;2
83076289;2013-10-06;Domingo;18:50:00;SP;116;111.0;TAUBATE;Outras;Colisão traseira;Com Vítimas Feridas;Anoitecer;Crescente;Ceu Claro;Dupla;Reta;Urbano;2;2
83076384;2013-10-06;Domingo;21:30:00;SP;116;217.0;GUARULHOS;Ultrapassagem indevida;Colisão com objeto fixo;Sem Vítimas;Plena noite;Crescente;Ceu Claro;Múltipla;Reta;Urbano;2;2
83076478;2013-10-07;Segunda;08:00:00;SP;116;143.1;TAUBATE;Falta de atenção;Queda de motocicleta / bicicleta / veículo;Com Vítimas Feridas;Pleno dia;Decrescente;Nublado;Dupla;Reta;Urbano;1;1
83076520;2013-10-07;Segunda;07:30:00;SP;116;143.0;SAO JOSE DOS CAMPOS;Outras;Colisão lateral;Sem Vítimas;Pleno dia;Decrescente;Ceu Claro;Simples;Reta;Rural;2;2
83076526;2013-10-03;Quinta;12:30:00;SP;116;157.5;SAO JOSE DOS CAMPOS;Outras;Colisão traseira;Com Vítimas Feridas;Pleno dia;Crescente;Chuva;Dupla;Reta;Urbano;4;3
83076612;2013-09-25;Quarta;15:40:00;SP;116;194.2;SANTA ISABEL;Outras;Colisão traseira;Sem Vítimas;Pleno dia;Crescente;Ceu Claro;Dupla;Reta;Rural;2;2
83076698;2013-10-07;Segunda;12:50:00;SP;116;106.0;TAUBATE;Outras;Colisão traseira;Com Vítimas Feridas;Pleno dia;Crescente;Ceu Claro;Dupla;Reta;Urbano;5;3
83076719;2013-10-06;Domingo;09:40:00;SP;116;217.0;GUARULHOS;Outras;Atropelamento de pessoa;Com Vítimas Feridas;Pleno dia;Decrescente;Ceu Claro;Múltipla;Reta;Urbano;2;1
83076766;2013-10-07;Segunda;09:00:00;SP;116;144.5;SAO JOSE DOS CAMPOS;Falta de atenção;Colisão traseira;Sem Vítimas;Pleno dia;Decrescente;Nublado;Simples;Reta;Urbano;2;2
83076791;2013-10-07;Segunda;08:50:00;SP;116;144.0;SAO JOSE DOS CAMPOS;Falta de atenção;Colisão traseira;Sem Vítimas;Pleno dia;Decrescente;Nublado;Simples;Reta;Urbano;2;2
83076821;2013-10-05;Sábado;08:30:00;SP;116;174.2;JACAREI;Outras;Colisão com objeto fixo;Com Vítimas Feridas;Pleno dia;Crescente;Ceu Claro;Dupla;Reta;Rural;2;2
83076872;2013-10-07;Segunda;08:10:00;SP;116;144.0;SAO JOSE DOS CAMPOS;Não guardar distância de segurança;Colisão traseira;Sem Vítimas;Pleno dia;Decrescente;Nublado;Múltipla;Reta;Rural;2;2
83076884;2013-10-07;Segunda;05:30:00;SP;116;210.0;GUARULHOS;Outras;Colisão traseira;Sem Vítimas;Amanhecer;Crescente;Chuva;Dupla;Reta;Urbano;2;2
83076903;2013-10-07;Segunda;19:30:00;SP;116;224.0;GUARULHOS;Não guardar distância de segurança;Colisão traseira;Sem Vítimas;Plena noite;Decrescente;Nublado;Múltipla;Reta;Urbano;2;2
83076917;2013-09-17;Terça;17:25:00;SP;116;220.0;GUARULHOS;Outras;Colisão traseira;Sem Vítimas;Pleno dia;Crescente;Nublado;Simples;Reta;Urbano;2;2
83077027;2013-10-05;Sábado;05:50:00;SP;116;138.4;SAO JOSE DOS CAMPOS;Outras;Colisão com objeto fixo;Sem Vítimas;Amanhecer;Decrescente;Ceu Claro;Dupla;Reta;Urbano;1;1
83077046;2013-10-05;Sábado;22:55:00;SP;116;115.3;TAUBATE;Não guardar distância de segurança;Colisão traseira;Com Vítimas Feridas;Plena noite;Decrescente;Nublado;Dupla;Reta;Rural;3;2
83077056;2013-10-03;Quinta;14:00:00;SP;116;220.0;GUARULHOS;Outras;Colisão traseira;Sem Vítimas;Pleno dia;Crescente;Ceu Claro;Múltipla;Reta;Urbano;2;2
83077158;2013-10-08;Terça;14:00:00;SP;116;204.5;ARUJA;Não guardar distância de segurança;Colisão traseira;Sem Vítimas;Pleno dia;Crescente;Ceu Claro;Múltipla;Reta;Urbano;2;2
83077220;2013-10-03;Quinta;21:15:00;SP;116;228.0;SAO PAULO;Falta de atenção;Colisão traseira;Com Vítimas Feridas;Plena noite;Decrescente;Nublado;Múltipla;Reta;Urbano;2;2
83077237;2013-09-26;Quinta;20:00:00;SP;116;154.0;SAO JOSE DOS CAMPOS;Falta de atenção;Colisão lateral;Sem Vítimas;Plena noite;Crescente;Ceu Claro;Dupla;Reta;Urbano;2;2
83077250;2013-10-05;Sábado;04:00:00;SP;116;109.5;TAUBATE;Outras;Capotamento;Ignorado;Plena noite;Crescente;Ignorada;Dupla;Reta;Rural;1;1
83077290;2013-10-05;Sábado;00:05:00;SP;116;165.0;JACAREI;Falta de atenção;Colisão lateral;Sem Vítimas;Plena noite;Decrescente;Ceu Claro;Múltipla;Reta;Rural;2;2
83077372;2013-10-05;Sábado;05:30:00;SP;116;183.1;SANTA ISABEL;Falta de atenção;Colisão com objeto fixo;Sem Vítimas;Amanhecer;Crescente;Ceu Claro;Simples;Reta;Rural;2;2
83077431;2013-10-08;Terça;22:25:00;SP;116;212.0;GUARULHOS;Outras;Capotamento;Sem Vítimas;Plena noite;Decrescente;Ceu Claro;Múltipla;Reta;Urbano;2;2
83077569;2013-10-05;Sábado;06:00:00;SP;116;181.2;GUARAREMA;Falta de atenção;Colisão lateral;Sem Vítimas;Amanhecer;Decrescente;Ceu Claro;Dupla;Reta;Rural;2;2
83077607;2013-10-09;Quarta;08:00:00;SP;116;145.0;SAO JOSE DOS CAMPOS;Não guardar distância de segurança;Colisão traseira;Sem Vítimas;Pleno dia;Crescente;Ceu Claro;Simples;Reta;Urbano;2;2
83077618;2013-10-07;Segunda;10:50:00;SP;116;229.0;GUARULHOS;Falta de atenção;Colisão lateral;Sem Vítimas;Pleno dia;Crescente;Nublado;Simples;Reta;Urbano;2;2
83077640;2013-10-06;Domingo;05:30:00;SP;116;136.5;SAO JOSE DOS CAMPOS;Ingestão de álcool;Colisão com objeto fixo;Ignorado;Pleno dia;Decrescente;Sol;Simples;Curva;Urbano;1;1
83077644;2013-10-08;Terça;06:50:00;SP;116;214.0;GUARULHOS;Falta de atenção;Colisão traseira;Com Vítimas Feridas;Pleno dia;Crescente;Ceu Claro;Múltipla;Reta;Urbano;3;2
83077649;2013-10-09;Quarta;08:20:00;SP;116;142.0;SAO JOSE DOS CAMPOS;Não guardar distância de segurança;Colisão traseira;Com Vítimas Feridas;Pleno dia;Crescente;Sol;Dupla;Reta;Rural;2;2
83077660;2013-10-09;Quarta;09:45:00;SP;116;124.4;CACAPAVA;Não guardar distância de segurança;Colisão traseira;Sem Vítimas;Pleno dia;Decrescente;Sol;Dupla;Reta;Rural;2;2
83077701;2013-09-27;Sexta;07:15:00;SP;116;218.0;GUARULHOS;Falta de atenção;Colisão traseira;Sem Vítimas;Amanhecer;Decrescente;Ceu Claro;Simples;Reta;Urbano;2;2
83077772;2013-10-09;Quarta;15:50:00;SP;116;214.0;GUARULHOS;Falta de atenção;Colisão traseira;Sem Vítimas;Pleno dia;Decrescente;Sol;Simples;Reta;Urbano;2;2
83077830;2013-10-09;Quarta;12:20:00;SP;116;120.6;CACAPAVA;Falta de atenção;Colisão lateral;Sem Vítimas;Pleno dia;Crescente;Sol;Dupla;Reta;Urbano;2;2
83077840;2013-10-09;Quarta;16:20:00;SP;116;214.0;GUARULHOS;Falta de atenção;Atropelamento de pessoa;Com Vítimas Feridas;Pleno dia;Crescente;Ceu Claro;Múltipla;Reta;Urbano;3;2
83077884;2013-10-04;Sexta;21:40:00;SP;116;208.0;GUARULHOS;Falta de atenção;Atropelamento de pessoa;Com Vítimas Feridas;Plena noite;Decrescente;Ceu Claro;Múltipla;Reta;Urbano;2;1
83077888;2013-10-04;Sexta;22:30:00;SP;116;219.0;GUARULHOS;Defeito mecânico em veículo;Colisão traseira;Com Vítimas Feridas;Plena noite;Crescente;Ceu Claro;Dupla;Reta;Urbano;5;4
83077894;2013-10-08;Terça;19:00:00;SP;116;214.0;GUARULHOS;Outras;Colisão com objeto fixo;Sem Vítimas;Plena noite;Decrescente;Ceu Claro;Múltipla;Reta;Urbano;1;1
83077953;2013-10-04;Sexta;11:25:00;SP;116;220.0;GUARULHOS;Falta de atenção;Colisão traseira;Com Vítimas Feridas;Pleno dia;Crescente;Ceu Claro;Múltipla;Reta;Urbano;4;4
83078035;2013-10-09;Quarta;16:30:00;SP;116;141.2;SAO JOSE DOS CAMPOS;Não guardar distância de segurança;Colisão traseira;Com Vítimas Feridas;Pleno dia;Decrescente;Sol;Dupla;Reta;Rural;4;3
83078068;2013-10-07;Segunda;10:00:00;SP;116;162.0;JACAREI;Falta de atenção;Colisão lateral;Sem Vítimas;Pleno dia;Crescente;Ceu Claro;Dupla;Reta;Rural;2;2
83078073;2013-10-07;Segunda;05:30:00;SP;116;213.0;GUARULHOS;Falta de atenção;Colisão traseira;Sem Vítimas;Amanhecer;Crescente;Ceu Claro;Múltipla;Reta;Urbano;2;2
83078078;2013-10-02;Quarta;07:30:00;SP;116;142.9;SAO JOSE DOS CAMPOS;Outras;Colisão traseira;Sem Vítimas;Pleno dia;Decrescente;Chuva;Dupla;Reta;Urbano;2;2
83078124;2013-10-06;Domingo;21:05:00;SP;116;155.8;SAO JOSE DOS CAMPOS;Outras;Colisão lateral;Sem Vítimas;Plena noite;Decrescente;Ceu Claro;Múltipla;Reta;Urbano;2;2
83078163;2013-10-06;Domingo;20:00:00;SP;116;152.0;SAO JOSE DOS CAMPOS;Não guardar distância de segurança;Colisão traseira;Sem Vítimas;Plena noite;Crescente;Ceu Claro;Dupla;Reta;Urbano;2;2
83078178;2013-10-09;Quarta;00:15:00;SP;116;189.0;SANTA ISABEL;Outras;Colisão traseira;Sem Vítimas;Plena noite;Crescente;Ceu Claro;Dupla;Reta;Rural;2;2
83078238;2013-10-06;Domingo;19:16:00;SP;116;110.7;TAUBATE;Outras;Colisão traseira;Sem Vítimas;Plena noite;Crescente;Ceu Claro;Dupla;Reta;Urbano;2;2
83078249;2013-10-08;Terça;06:40:00;SP;116;208.0;GUARULHOS;Falta de atenção;Colisão lateral;Com Vítimas Feridas;Pleno dia;Crescente;Ceu Claro;Dupla;Reta;Urbano;3;3
83078262;2013-10-10;Quinta;13:45:00;SP;116;216.0;GUARULHOS;Falta de atenção;Colisão lateral;Sem Vítimas;Pleno dia;Crescente;Sol;Múltipla;Reta;Urbano;2;2
83078267;2013-10-07;Segunda;07:00:00;SP;116;145.6;SAO JOSE DOS CAMPOS;Falta de atenção;Colisão lateral;Sem Vítimas;Amanhecer;Crescente;Ceu Claro;Dupla;Reta;Urbano;2;2
83078308;2013-10-07;Segunda;06:50:00;SP;116;224.0;GUARULHOS;Falta de atenção;Colisão traseira;Sem Vítimas;Pleno dia;Crescente;Nublado;Múltipla;Reta;Urbano;4;4
83078352;2013-10-06;Domingo;18:40:00;SP;116;171.1;JACAREI;Falta de atenção;Colisão lateral;Sem Vítimas;Plena noite;Decrescente;Ceu Claro;Dupla;Reta;Urbano;2;2
83078372;2013-10-08;Terça;07:35:00;SP;116;220.0;GUARULHOS;Falta de atenção;Colisão traseira;Com Vítimas Feridas;Pleno dia;Crescente;Nublado;Múltipla;Reta;Urbano;3;3
83078378;2013-10-09;Quarta;08:30:00;SP;116;158.2;JACAREI;Não guardar distância de segurança;Colisão traseira;Sem Vítimas;Plena noite;Crescente;Sol;Dupla;Reta;Urbano;2;2
83078428;2013-10-10;Quinta;06:30:00;SP;116;178.9;GUARAREMA;Falta de atenção;Colisão traseira;Sem Vítimas;Pleno dia;Decrescente;Sol;Simples;Reta;Rural;3;3
83078440;2013-10-07;Segunda;08:30:00;SP;116;215.0;GUARULHOS;Outras;Colisão lateral;Sem Vítimas;Pleno dia;Crescente;Ceu Claro;Múltipla;Reta;Urbano;2;2
83078479;2013-10-10;Quinta;13:10:00;SP;116;226.0;GUARULHOS;Falta de atenção;Colisão lateral;Sem Vítimas;Pleno dia;Decrescente;Ceu Claro;Múltipla;Reta;Urbano;2;2
83078578;2013-10-10;Quinta;23:45:00;SP;116;220.0;GUARULHOS;Ingestão de álcool;Atropelamento de pessoa;Com Vítimas Feridas;Plena noite;Decrescente;Ceu Claro;Múltipla;Reta;Urbano;2;1
83078605;2013-10-07;Segunda;16:00:00;SP;116;150.8;SAO JOSE DOS CAMPOS;Falta de atenção;Colisão lateral;Sem Vítimas;Pleno dia;Decrescente;Nublado;Dupla;Reta;Rural;2;2
83078746;2013-10-10;Quinta;14:30:00;SP;116;212.7;GUARULHOS;Não guardar distância de segurança;Colisão traseira;Com Vítimas Feridas;Pleno dia;Crescente;Ceu Claro;Múltipla;Reta;Urbano;4;4
83078760;2013-10-10;Quinta;07:40:00;SP;116;219.0;GUARULHOS;Falta de atenção;Colisão traseira;Com Vítimas Feridas;Pleno dia;Crescente;Ceu Claro;Múltipla;Reta;Urbano;2;2
83078894;2013-10-04;Sexta;02:40:00;SP;116;141.3;SAO JOSE DOS CAMPOS;Outras;Colisão traseira;Sem Vítimas;Amanhecer;Crescente;Chuva;Simples;Reta;Rural;2;2
83078945;2013-10-11;Sexta;17:10:00;SP;116;116.4;TAUBATE;Outras;Colisão traseira;Sem Vítimas;Pleno dia;Decrescente;Ceu Claro;Dupla;Reta;Urbano;2;2
83078952;2013-10-11;Sexta;15:00:00;SP;116;120.0;CACAPAVA;Outras;Colisão lateral;Sem Vítimas;Pleno dia;Decrescente;Ceu Claro;Simples;Reta;Rural;2;2
83078956;2013-10-11;Sexta;16:30:00;SP;116;143.0;SAO JOSE DOS CAMPOS;Outras;Colisão lateral;Sem Vítimas;Pleno dia;Decrescente;Ceu Claro;Simples;Reta;Urbano;2;2
83079055;2013-10-11;Sexta;18:00:00;SP;116;108.0;TAUBATE;Outras;Colisão traseira;Com Vítimas Feridas;Anoitecer;Crescente;Ceu Claro;Dupla;Reta;Urbano;2;2
83079068;2013-10-11;Sexta;12:00:00;SP;116;223.0;GUARULHOS;Não guardar distância de segurança;Colisão traseira;Sem Vítimas;Pleno dia;Crescente;Ceu Claro;Múltipla;Reta;Urbano;2;2
83079174;2013-10-11;Sexta;16:40:00;SP;116;139.0;SAO JOSE DOS CAMPOS;Outras;Colisão traseira;Sem Vítimas;Pleno dia;Decrescente;Ceu Claro;Dupla;Reta;Urbano;2;2
83079177;2013-10-12;Sábado;03:45:00;SP;116;218.7;GUARULHOS;Defeito mecânico em veículo;Colisão com objeto fixo;Com Vítimas Feridas;Plena noite;Decrescente;Ceu Claro;Múltipla;Reta;Urbano;3;3
83079201;2013-10-10;Quinta;08:05:00;SP;116;144.8;SAO JOSE DOS CAMPOS;Não guardar distância de segurança;Colisão traseira;Sem Vítimas;Pleno dia;Crescente;Ceu Claro;Dupla;Reta;Rural;2;2
83079264;2013-10-09;Quarta;05:59:00;SP;116;223.0;GUARULHOS;Falta de atenção;Colisão traseira;Com Vítimas Feridas;Amanhecer;Crescente;Nublado;Múltipla;Reta;Urbano;2;2