id;data_inversa;dia_semana;horario;uf;br;km;municipio;causa_acidente;tipo_acidente;classificacao_acidente;fase_dia;sentido_via;condicao_metereologica;tipo_pista;tracado_via;uso_solo;pessoas;veiculos
83100528;2013-11-20;Quarta;22:00:00;SP;116;225.0;GUARULHOS;Ingestão de álcool;Colisão lateral;Com Vítimas Feridas;Plena noite;Decrescente;Ceu Claro;Múltipla;Reta;Urbano;8;3
83100550;2013-11-21;Quinta;14:30:00;SP;116;206.0;GUARULHOS;Falta de atenção;Colisão traseira;Sem Vítimas;Pleno dia;Crescente;Ceu Claro;Dupla;Reta;Urbano;2;2
83100605;2013-11-14;Quinta;20:00:00;SP;116;197.0;ARUJA;Outras;Colisão com objeto fixo;Sem Vítimas;Plena noite;Crescente;Nublado;Dupla;Reta;Rural;1;1
83100673;2013-11-21;Quinta;20:50:00;SP;116;115.0;TAUBATE;Outras;Colisão com objeto móvel;Sem Vítimas;Plena noite;Crescente;Chuva;Dupla;Reta;Rural;1;1
83100721;2013-11-15;Sexta;16:30:00;SP;116;117.5;TAUBATE;Não guardar distância de segurança;Colisão traseira;Sem Vítimas;Pleno dia;Decrescente;Sol;Dupla;Reta;Urbano;2;2
83100747;2013-11-21;Quinta;12:50:00;SP;116;158.1;JACAREI;Defeito mecânico em veículo;Colisão traseira;Sem Vítimas;Pleno dia;Decrescente;Sol;Dupla;Reta;Urbano;2;2
83100755;2013-11-21;Quinta;19:40:00;SP;116;168.5;JACAREI;Outras;Colisão lateral;Sem Vítimas;Anoitecer;Decrescente;Chuva;Dupla;Reta;Urbano;2;2
83100806;2013-11-21;Quinta;14:55:00;SP;116;203.0;ARUJA;Não guardar distância de segurança;Colisão traseira;Sem Vítimas;Pleno dia;Decrescente;Ceu Claro;Múltipla;Reta;Urbano;2;2
83100815;2013-11-18;Segunda;18:45:00;SP;116;210.0;GUARULHOS;Falta de atenção;Colisão com objeto fixo;Com Vítimas Feridas;Pleno dia;Crescente;Ceu Claro;Dupla;Reta;Urbano;1;1
83100834;2013-11-18;Segunda;10:15:00;SP;116;204.8;ARUJA;Falta de atenção;Colisão traseira;Sem Vítimas;Pleno dia;Crescente;Nublado;Dupla;Reta;Urbano;2;2
83100857;2013-11-20;Quarta;00:10:00;SP;116;189.0;SANTA ISABEL;Não guardar distância de segurança;Colisão traseira;Com Vítimas Feridas;Plena noite;Decrescente;Ceu Claro;Simples;Reta;Rural;4;3
83100865;2013-11-21;Quinta;08:40:00;SP;116;204.5;ARUJA;Não guardar distância de segurança;Colisão lateral;Sem Vítimas;Pleno dia;Crescente;Sol;Múltipla;Reta;Urbano;2;2
83100904;2013-11-21;Quinta;16:30:00;SP;116;229.8;SAO PAULO;Não guardar distância de segurança;Colisão traseira;Com Vítimas Feridas;Pleno dia;Decrescente;Sol;Múltipla;Reta;Urbano;2;2
83100997;2013-11-22;Sexta;19:00:00;SP;116;219.0;GUARULHOS;Não guardar distância de segurança;Colisão traseira;Sem Vítimas;Anoitecer;Crescente;Chuva;Múltipla;Reta;Urbano;2;2
83101001;2013-11-13;Quarta;12:45:00;SP;116;219.0;GUARULHOS;Não guardar distância de segurança;Colisão traseira;Sem Vítimas;Amanhecer;Crescente;Ceu Claro;Múltipla;Reta;Urbano;2;2
83101030;2013-11-22;Sexta;07:20:00;SP;116;224.0;GUARULHOS;Não guardar distância de segurança;Colisão lateral;Com Vítimas Feridas;Pleno dia;Decrescente;Chuva;Múltipla;Reta;Urbano;2;2
83101048;2013-11-22;Sexta;18:30:00;SP;116;101.7;PINDAMONHANGABA;Não guardar distância de segurança;Colisão traseira;Sem Vítimas;Plena noite;Crescente;Chuva;Dupla;Reta;Rural;2;2
83101062;2013-11-22;Sexta;19:19:00;SP;116;101.7;PINDAMONHANGABA;Falta de atenção;Colisão lateral;Sem Vítimas;Plena noite;Crescente;Chuva;Dupla;Reta;Rural;2;2
83101069;2013-11-15;Sexta;18:39:00;SP;116;111.6;TAUBATE;Não guardar distância de segurança;Colisão traseira;Sem Vítimas;Anoitecer;Crescente;Ceu Claro;Dupla;Reta;Urbano;2;2
83101330;2013-11-23;Sábado;09:00:00;SP;116;214.0;GUARULHOS;Falta de atenção;Saída de Pista;Com Vítimas Feridas;Pleno dia;Decrescente;Nublado;Múltipla;Reta;Urbano;1;1
83101410;2013-11-20;Quarta;03:20:00;SP;116;144.0;SAO JOSE DOS CAMPOS;Dormindo;Colisão traseira;Sem Vítimas;Plena noite;Crescente;Ceu Claro;Dupla;Reta;Urbano;2;2
83101418;2013-11-23;Sábado;10:38:00;SP;116;155.4;SAO JOSE DOS CAMPOS;Não guardar distância de segurança;Colisão traseira;Sem Vítimas;Pleno dia;Decrescente;Chuva;Dupla;Reta;Urbano;5;5
83101443;2013-11-23;Sábado;08:30:00;SP;116;117.0;TAUBATE;Outras;Colisão traseira;Sem Vítimas;Pleno dia;Decrescente;Chuva;Dupla;Reta;Urbano;3;3
83101465;2013-11-23;Sábado;13:30:00;SP;116;221.0;GUARULHOS;Velocidade incompatível;Colisão com objeto fixo;Sem Vítimas;Pleno dia;Crescente;Chuva;Múltipla;Reta;Urbano;1;1
83101477;2013-11-19;Terça;15:00:00;SP;116;166.0;JACAREI;Defeito mecânico em veículo;Colisão traseira;Com Vítimas Feridas;Pleno dia;Decrescente;Nublado;Dupla;Reta;Rural;3;3
83101504;2013-11-23;Sábado;15:40:00;SP;116;155.0;SAO JOSE DOS CAMPOS;Não guardar distância de segurança;Colisão traseira;Com Vítimas Feridas;Pleno dia;Decrescente;Chuva;Dupla;Reta;Urbano;2;2
83101564;2013-10-20;Domingo;17:30:00;SP;116;215.5;GUARULHOS;Outras;Colisão traseira;Sem Vítimas;Pleno dia;Decrescente;Sol;Múltipla;Reta;Urbano;2;2
83101581;2013-11-23;Sábado;08:45:00;SP;116;225.0;GUARULHOS;Outras;Tombamento;Sem Vítimas;Pleno dia;Crescente;Sol;Múltipla;Reta;Urbano;1;1
83101716;2013-11-24;Domingo;03:30:00;SP;116;216.0;GUARULHOS;Ingestão de álcool;Colisão com objeto fixo;Sem Vítimas;Plena noite;Decrescente;Chuva;Múltipla;Reta;Urbano;3;1
83101769;2013-11-23;Sábado;20:55:00;SP;116;152.8;SAO JOSE DOS CAMPOS;Falta de atenção;Colisão traseira;Com Vítimas Feridas;Plena noite;Crescente;Chuva;Múltipla;Reta;Urbano;2;2
83101821;2013-11-21;Quinta;05:30:00;SP;116;105.8;TAUBATE;Outras;Queda de motocicleta / bicicleta / veículo;Com Vítimas Feridas;Amanhecer;Decrescente;Ceu Claro;Simples;Reta;Rural;1;1
83101919;2013-11-24;Domingo;08:30:00;SP;116;100.8;PINDAMONHANGABA;Outras;Colisão lateral;Sem Vítimas;Pleno dia;Decrescente;Nublado;Múltipla;Reta;Rural;2;2
83102001;2013-11-20;Quarta;08:35:00;SP;116;211.0;GUARULHOS;Falta de atenção;Colisão com objeto móvel;Sem Vítimas;Pleno dia;Crescente;Ceu Claro;Múltipla;Reta;Urbano;1;1
83102008;2013-11-24;Domingo;17:10:00;SP;116;111.5;TAUBATE;Falta de atenção;Colisão traseira;Com Vítimas Feridas;Pleno dia;Decrescente;Chuva;Dupla;Reta;Urbano;3;2
83102028;2013-11-24;Domingo;17:50:00;SP;116;199.6;ARUJA;Falta de atenção;Saída de Pista;Com Vítimas Feridas;Anoitecer;Crescente;Chuva;Simples;Curva;Urbano;4;1
83102034;2013-11-22;Sexta;14:30:00;SP;116;165.1;JACAREI;Falta de atenção;Colisão lateral;Sem Vítimas;Pleno dia;Decrescente;Nublado;Múltipla;Reta;Rural;2;2
83102037;2013-11-21;Quinta;06:10:00;SP;116;146.0;SAO JOSE DOS CAMPOS;Falta de atenção;Colisão lateral;Sem Vítimas;Amanhecer;Decrescente;Ceu Claro;Dupla;Reta;Rural;2;2
83102042;2013-11-24;Domingo;18:00:00;SP;116;141.0;SAO JOSE DOS CAMPOS;Falta de atenção;Colisão traseira;Sem Vítimas;Anoitecer;Decrescente;Chuva;Dupla;Reta;Urbano;3;3
83102078;2013-11-13;Quarta;09:00:00;SP;116;220.0;GUARULHOS;Outras;Colisão lateral;Com Vítimas Feridas;Pleno dia;Crescente;Ceu Claro;Múltipla;Reta;Urbano;2;2
83102111;2013-11-18;Segunda;21:45:00;SP;116;215.0;GUARULHOS;Falta de atenção;Colisão traseira;Sem Vítimas;Plena noite;Crescente;Nublado;Múltipla;Cruzamento;Urbano;2;2
83102130;2013-11-24;Domingo;22:30:00;SP;116;107.0;TAUBATE;Falta de atenção;Colisão traseira;Sem Vítimas;Plena noite;Decrescente;Chuva;Dupla;Reta;Urbano;2;2
83102171;2013-11-24;Domingo;17:00:00;SP;116;137.0;SAO JOSE DOS CAMPOS;Outras;Colisão traseira;Sem Vítimas;Pleno dia;Crescente;Chuva;Simples;Reta;Rural;3;3
83102236;2013-11-21;Quinta;10:00:00;SP;116;155.7;SAO JOSE DOS CAMPOS;Falta de atenção;Colisão traseira;Sem Vítimas;Pleno dia;Crescente;Ceu Claro;Simples;Reta;Urbano;2;2
83102279;2013-11-21;Quinta;00:17:00;SP;116;212.0;GUARULHOS;Ingestão de álcool;Colisão traseira;Com Vítimas Feridas;Plena noite;Decrescente;Chuva;Múltipla;Reta;Urbano;4;2
83102302;2013-11-22;Sexta;14:25:00;SP;116;160.8;JACAREI;Falta de atenção;Colisão traseira;Sem Vítimas;Pleno dia;Decrescente;Ceu Claro;Dupla;Reta;Urbano;2;2
83102327;2013-11-21;Quinta;19:20:00;SP;116;166.9;JACAREI;Falta de atenção;Colisão traseira;Com Vítimas Feridas;Anoitecer;Decrescente;Chuva;Dupla;Reta;Rural;6;5
83102342;2013-11-23;Sábado;10:40:00;SP;116;155.6;SAO JOSE DOS CAMPOS;Não guardar distância de segurança;Colisão traseira;Sem Vítimas;Pleno dia;Decrescente;Chuva;Simples;Reta;Urbano;3;3
83102538;2013-11-25;Segunda;18:05:00;SP;116;204.0;ARUJA;Falta de atenção;Colisão lateral;Sem Vítimas;Pleno dia;Crescente;Chuva;Múltipla;Reta;Urbano;2;2
83102673;2013-11-25;Segunda;07:00:00;SP;116;218.0;GUARULHOS;Falta de atenção;Colisão lateral;Com Vítimas Feridas;Pleno dia;Crescente;Chuva;Múltipla;Reta;Urbano;2;2
83102686;2013-11-25;Segunda;15:30:00;SP;116;207.0;GUARULHOS;Falta de atenção;Colisão lateral;Sem Vítimas;Pleno dia;Crescente;Chuva;Múltipla;Reta;Urbano;2;2
83102713;2013-11-25;Segunda;08:10:00;SP;116;206.5;GUARULHOS;Outras;Colisão lateral;Sem Vítimas;Pleno dia;Decrescente;Chuva;Múltipla;Reta;Urbano;3;3
83102719;2013-11-25;Segunda;14:40:00;SP;116;215.0;GUARULHOS;Falta de atenção;Colisão traseira;Sem Vítimas;Pleno dia;Crescente;Chuva;Múltipla;Reta;Urbano;2;2
83102754;2013-11-26;Terça;01:10:00;SP;116;224.0;GUARULHOS;Falta de atenção;Colisão traseira;Com Vítimas Feridas;Amanhecer;Crescente;Ceu Claro;Múltipla;Reta;Urbano;3;2
83102759;2013-11-21;Quinta;20:30:00;SP;116;165.0;JACAREI;Ingestão de álcool;Colisão traseira;Com Vítimas Feridas;Plena noite;Crescente;Chuva;Simples;Reta;Urbano;5;2
83102774;2013-11-25;Segunda;18:30:00;SP;116;148.0;SAO JOSE DOS CAMPOS;Falta de atenção;Colisão traseira;Sem Vítimas;Anoitecer;Decrescente;Chuva;Dupla;Reta;Urbano;2;2
83102790;2013-11-25;Segunda;17:00:00;SP;116;150.0;SAO JOSE DOS CAMPOS;Não guardar distância de segurança;Colisão traseira;Sem Vítimas;Pleno dia;Crescente;Chuva;Dupla;Reta;Urbano;3;3
83102820;2013-11-22;Sexta;16:30:00;SP;116;221.7;GUARULHOS;Falta de atenção;Colisão traseira;Sem Vítimas;Pleno dia;Crescente;Nublado;Múltipla;Reta;Urbano;2;2
83102866;2013-11-22;Sexta;17:15:00;SP;116;144.8;SAO JOSE DOS CAMPOS;Falta de atenção;Colisão traseira;Sem Vítimas;Pleno dia;Crescente;Ceu Claro;Múltipla;Reta;Urbano;2;2
83102868;2013-07-14;Domingo;01:50:00;SP;116;139.6;SAO JOSE DOS CAMPOS;Outras;Capotamento;Com Vítimas Feridas;Plena noite;Decrescente;Ceu Claro;Dupla;Reta;Urbano;6;3
83102879;2013-11-23;Sábado;14:50:00;SP;116;224.0;GUARULHOS;Não guardar distância de segurança;Colisão traseira;Sem Vítimas;Pleno dia;Crescente;Chuva;Múltipla;Reta;Urbano;4;4
83102952;2013-11-26;Terça;10:00:00;SP;116;124.7;CACAPAVA;Outras;Colisão com objeto fixo;Sem Vítimas;Pleno dia;Crescente;Chuva;Dupla;Reta;Urbano;1;1
83102957;2013-11-24;Domingo;04:20:00;SP;116;223.0;GUARULHOS;Falta de atenção;Tombamento;Com Vítimas Feridas;Plena noite;Crescente;Chuva;Múltipla;Reta;Urbano;2;1
83103013;2013-11-26;Terça;10:05:00;SP;116;127.5;CACAPAVA;Não guardar distância de segurança;Colisão traseira;Sem Vítimas;Pleno dia;Crescente;Chuva;Dupla;Reta;Urbano;2;2
83103039;2013-11-26;Terça;11:45:00;SP;116;218.0;GUARULHOS;Falta de atenção;Colisão lateral;Sem Vítimas;Pleno dia;Crescente;Nublado;Múltipla;Reta;Urbano;3;3
83103042;2013-11-26;Terça;08:20:00;SP;116;224.0;GUARULHOS;Não guardar distância de segurança;Colisão lateral;Com Vítimas Feridas;Pleno dia;Decrescente;Nublado;Múltipla;Reta;Urbano;2;2
83103081;2013-11-24;Domingo;17:15:00;SP;116;204.0;ARUJA;Falta de atenção;Colisão lateral;Sem Vítimas;Pleno dia;Crescente;Chuva;Dupla;Reta;Urbano;2;2
83103106;2013-11-26;Terça;16:00:00;SP;116;226.0;GUARULHOS;Falta de atenção;Colisão traseira;Sem Vítimas;Pleno dia;Decrescente;Ceu Claro;Múltipla;Cruzamento;Urbano;2;2
83103136;2013-11-26;Terça;17:30:00;SP;116;203.0;ARUJA;Outras;Colisão Transversal;Com Vítimas Feridas;Pleno dia;Decrescente;Chuva;Dupla;Reta;Rural;3;3
83103184;2013-11-26;Terça;17:25:00;SP;116;221.0;GUARULHOS;Falta de atenção;Colisão lateral;Sem Vítimas;Pleno dia;Decrescente;Nublado;Múltipla;Reta;Urbano;2;2
83103190;2013-11-20;Quarta;00:50:00;SP;116;139.8;SAO JOSE DOS CAMPOS;Outras;Colisão frontal;Com Vítimas Fatais;Plena noite;Decrescente;Ceu Claro;Dupla;Reta;Urbano;2;2
83103205;2013-11-25;Segunda;08:20:00;SP;116;205.0;ARUJA;Falta de atenção;Colisão traseira;Sem Vítimas;Pleno dia;Crescente;Chuva;Dupla;Reta;Urbano;2;2
83103240;2013-11-23;Sábado;09:30:00;SP;116;117.3;TAUBATE;Não guardar distância de segurança;Colisão traseira;Sem Vítimas;Pleno dia;Decrescente;Chuva;Dupla;Reta;Urbano;2;2
83103277;2013-11-26;Terça;21:00:00;SP;116;125.1;CACAPAVA;Outras;Colisão traseira;Sem Vítimas;Plena noite;Decrescente;Nublado;Dupla;Reta;Urbano;3;3
83103412;2013-09-12;Quinta;13:00:00;SP;116;166.0;JACAREI;Outras;Colisão com objeto móvel;Sem Vítimas;Pleno dia;Decrescente;Sol;Dupla;Reta;Urbano;1;1
83103414;2013-11-27;Quarta;08:00:00;SP;116;221.0;GUARULHOS;Falta de atenção;Colisão traseira;Sem Vítimas;Pleno dia;Decrescente;Sol;Múltipla;Reta;Urbano;2;2
83103418;2013-11-20;Quarta;00:10:00;SP;116;146.0;SAO JOSE DOS CAMPOS;Falta de atenção;Colisão traseira;Com Vítimas Feridas;Plena noite;Crescente;Ceu Claro;Múltipla;Reta;Urbano;2;2
83103442;2013-11-20;Quarta;06:50:00;SP;116;154.0;SAO JOSE DOS CAMPOS;Outras;Tombamento;Sem Vítimas;Pleno dia;Decrescente;Ceu Claro;Dupla;Reta;Urbano;1;1
83103459;2013-11-16;Sábado;08:30:00;SP;116;148.8;SAO JOSE DOS CAMPOS;Falta de atenção;Colisão lateral;Sem Vítimas;Pleno dia;Decrescente;Sol;Dupla;Reta;Urbano;2;2
83103474;2013-11-19;Terça;15:30:00;SP;116;168.7;JACAREI;Outras;Colisão Transversal;Sem Vítimas;Pleno dia;Decrescente;Granizo;Múltipla;Reta;Urbano;2;2
83103528;2013-11-24;Domingo;19:30:00;SP;116;145.0;SAO JOSE DOS CAMPOS;Não guardar distância de segurança;Colisão traseira;Com Vítimas Feridas;Anoitecer;Crescente;Ceu Claro;Dupla;Reta;Rural;4;3
83103561;2013-11-19;Terça;12:38:00;SP;116;228.0;SAO PAULO;Outras;Queda de motocicleta / bicicleta / veículo;Com Vítimas Feridas;Pleno dia;Decrescente;Nublado;Múltipla;Reta;Urbano;1;1
83103567;2013-11-27;Quarta;11:00:00;SP;116;221.0;GUARULHOS;Falta de atenção;Colisão traseira;Sem Vítimas;Pleno dia;Crescente;Ceu Claro;Múltipla;Reta;Urbano;2;2
83103575;2013-11-24;Domingo;03:30:00;SP;116;187.9;SANTA ISABEL;Outras;Queda de motocicleta / bicicleta / veículo;Com Vítimas Feridas;Plena noite;Crescente;Chuva;Dupla;Reta;Rural;1;1
83103587;2013-11-23;Sábado;17:00:00;SP;116;222.0;GUARULHOS;Falta de atenção;Colisão traseira;Sem Vítimas;Pleno dia;Decrescente;Sol;Múltipla;Reta;Urbano;2;2
83103622;2013-11-23;Sábado;09:40:00;SP;116;115.6;TAUBATE;Não guardar distância de segurança;Colisão traseira;Sem Vítimas;Pleno dia;Decrescente;Chuva;Dupla;Reta;Urbano;2;2
83103639;2013-11-25;Segunda;03:45:00;SP;116;226.7;GUARULHOS;Outras;Colisão lateral;Sem Vítimas;Plena noite;Decrescente;Chuva;Múltipla;Reta;Urbano;3;3
83103674;2013-11-26;Terça;15:01:00;SP;116;227.0;GUARULHOS;Não guardar distância de segurança;Colisão traseira;Com Vítimas Feridas;Pleno dia;Decrescente;Nublado;Múltipla;Reta;Urbano;4;3
83103754;2013-11-27;Quarta;18:00:00;SP;116;112.5;TAUBATE;Outras;Colisão traseira;Sem Vítimas;Pleno dia;Decrescente;Ceu Claro;Dupla;Reta;Urbano;2;2
83103765;2013-11-25;Segunda;06:50:00;SP;116;221.0;GUARULHOS;Não guardar distância de segurança;Colisão traseira;Sem Vítimas;Amanhecer;Crescente;Chuva;Múltipla;Reta;Urbano;2;2
83103775;2013-11-25;Segunda;06:40:00;SP;116;144.5;SAO JOSE DOS CAMPOS;Velocidade incompatível;Capotamento;Sem Vítimas;Amanhecer;Crescente;Ceu Claro;Dupla;Reta;Rural;1;1
83103786;2013-11-23;Sábado;09:30:00;SP;116;115.0;TAUBATE;Falta de atenção;Colisão lateral;Sem Vítimas;Pleno dia;Decrescente;Chuva;Dupla;Reta;Urbano;2;2
83103789;2013-11-25;Segunda;08:00:00;SP;116;158.0;JACAREI;Falta de atenção;Colisão lateral;Sem Vítimas;Amanhecer;Decrescente;Ceu Claro;Dupla;Reta;Rural;2;2
83103791;2013-11-27;Quarta;19:20:00;SP;116;219.0;GUARULHOS;Falta de atenção;Colisão traseira;Com Vítimas Feridas;Anoitecer;Decrescente;Chuva;Múltipla;Reta;Urbano;3;2
83103812;2013-11-13;Quarta;20:40:00;SP;116;226.0;GUARULHOS;Outras;Colisão lateral;Sem Vítimas;Plena noite;Decrescente;Ceu Claro;Múltipla;Reta;Urbano;2;2
83103843;2013-11-22;Sexta;17:30:00;SP;116;152.0;SAO JOSE DOS CAMPOS;Outras;Capotamento;Com Vítimas Feridas;Pleno dia;Crescente;Chuva;Dupla;Reta;Urbano;3;2
83103894;2013-11-27;Quarta;21:00:00;SP;116;154.0;SAO JOSE DOS CAMPOS;Não guardar distância de segurança;Colisão traseira;Sem Vítimas;Plena noite;Decrescente;Chuva;Dupla;Reta;Urbano;4;4
83103953;2013-11-25;Segunda;07:30:00;SP;116;189.5;SANTA ISABEL;Animais na Pista;Colisão traseira;Sem Vítimas;Pleno dia;Decrescente;Chuva;Dupla;Reta;Rural;2;2
83104055;2013-11-28;Quinta;08:30:00;SP;116;222.2;GUARULHOS;Não guardar distância de segurança;Colisão traseira;Com Vítimas Feridas;Pleno dia;Crescente;Ceu Claro;Múltipla;Reta;Urbano;2;2
83104203;2013-11-23;Sábado;00:40:00;SP;116;113.5;TAUBATE;Ingestão de álcool;Colisão traseira;Com Vítimas Feridas;Plena noite;Crescente;Chuva;Dupla;Reta;Urbano;3;2
83104221;2013-11-27;Quarta;17:40:00;SP;116;165.2;JACAREI;Falta de atenção;Colisão traseira;Sem Vítimas;Pleno dia;Decrescente;Sol;Múltipla;Reta;Urbano;2;2
83104233;2013-11-26;Terça;16:00:00;SP;116;102.6;PINDAMONHANGABA;Outras;Colisão traseira;Sem Vítimas;Pleno dia;Crescente;Chuva;Dupla;Reta;Rural;5;5
83104291;2013-11-26;Terça;13:30:00;SP;116;219.4;GUARULHOS;Dormindo;Colisão traseira;Com Vítimas Feridas;Pleno dia;Decrescente;Nublado;Múltipla;Reta;Urbano;2;2
83104320;2013-11-26;Terça;20:40:00;SP;116;196.0;ARUJA;Outras;Saída de Pista;Com Vítimas Feridas;Plena noite;Decrescente;Chuva;Dupla;Reta;Urbano;1;1
83104322;2013-11-26;Terça;16:20:00;SP;116;102.8;PINDAMONHANGABA;Outras;Colisão traseira;Sem Vítimas;Pleno dia;Decrescente;Chuva;Dupla;Reta;Rural;2;2
83104334;2013-11-30;Sábado;15:40:00;SP;116;217.0;GUARULHOS;Outras;Colisão com objeto móvel;Sem Vítimas;Pleno dia;Decrescente;Nublado;Múltipla;Reta;Urbano;2;2
83104362;2013-11-30;Sábado;01:10:00;SP;116;216.0;GUARULHOS;Outras;Colisão lateral;Sem Vítimas;Amanhecer;Decrescente;Ceu Claro;Múltipla;Reta;Urbano;2;2
83104396;2013-11-29;Sexta;15:10:00;SP;116;229.0;GUARULHOS;Falta de atenção;Colisão lateral;Sem Vítimas;Pleno dia;Crescente;Ceu Claro;Múltipla;Reta;Urbano;2;2
83104480;2013-11-28;Quinta;07:30:00;SP;116;218.3;GUARULHOS;Outras;Colisão traseira;Com Vítimas Feridas;Pleno dia;Crescente;Sol;Múltipla;Reta;Urbano;3;3
83104527;2013-11-28;Quinta;11:10:00;SP;116;142.0;SAO JOSE DOS CAMPOS;Outras;Colisão traseira;Sem Vítimas;Pleno dia;Decrescente;Ceu Claro;Dupla;Reta;Urbano;2;2
83104674;2013-11-28;Quinta;06:40:00;SP;116;219.0;GUARULHOS;Falta de atenção;Colisão traseira;Sem Vítimas;Pleno dia;Crescente;Nublado;Múltipla;Reta;Urbano;3;3
83104727;2013-11-27;Quarta;12:45:00;SP;116;219.0;GUARULHOS;Falta de atenção;Colisão traseira;Sem Vítimas;Pleno dia;Decrescente;Nublado;Dupla;Reta;Urbano;3;3
83104733;2013-11-25;Segunda;06:40:00;SP;116;219.0;GUARULHOS;Falta de atenção;Colisão traseira;Sem Vítimas;Amanhecer;Crescente;Chuva;Múltipla;Reta;Urbano;2;2
83104776;2013-12-01;Domingo;07:20:00;SP;116;214.0;GUARULHOS;Falta de atenção;Colisão lateral;Sem Vítimas;Pleno dia;Crescente;Nublado;Múltipla;Reta;Urbano;2;2
83104827;2013-11-26;Terça;08:20:00;SP;116;145.0;SAO JOSE DOS CAMPOS;Falta de atenção;Colisão com objeto fixo;Sem Vítimas;Pleno dia;Decrescente;Chuva;Múltipla;Reta;Urbano;1;1
83104850;2013-12-01;Domingo;13:50:00;SP;116;210.0;GUARULHOS;Outras;Colisão Transversal;Sem Vítimas;Pleno dia;Crescente;Chuva;Múltipla;Reta;Urbano;2;2
83104874;2013-11-24;Domingo;07:40:00;SP;116;100.3;PINDAMONHANGABA;Outras;Colisão lateral;Com Vítimas Feridas;Pleno dia;Decrescente;Ceu Claro;Dupla;Reta;Urbano;4;2
83104936;2013-11-26;Terça;10:00:00;SP;116;128.4;CACAPAVA;Não guardar distância de segurança;Colisão traseira;Sem Vítimas;Pleno dia;Crescente;Chuva;Dupla;Reta;Urbano;3;3
83105003;2013-12-01;Domingo;00:05:00;SP;116;167.3;JACAREI;Outras;Colisão com objeto fixo;Sem Vítimas;Plena noite;Decrescente;Ceu Claro;Dupla;Reta;Rural;1;1
83105007;2013-12-01;Domingo;01:30:00;SP;116;219.0;GUARULHOS;Defeito mecânico em veículo;Colisão traseira;Com Vítimas Feridas;Plena noite;Decrescente;Chuva;Múltipla;Reta;Urbano;4;2
83105021;2013-11-14;Quinta;10:30:00;SP;116;215.0;GUARULHOS;Falta de atenção;Colisão lateral;Sem Vítimas;Pleno dia;Crescente;Ceu Claro;Múltipla;Reta;Urbano;2;2
83105024;2013-11-29;Sexta;07:50:00;SP;116;204.0;ARUJA;Não guardar distância de segurança;Colisão traseira;Sem Vítimas;Pleno dia;Decrescente;Ceu Claro;Dupla;Reta;Urbano;2;2
83105038;2013-12-01;Domingo;00:06:00;SP;116;167.3;JACAREI;Outras;Colisão com objeto fixo;Sem Vítimas;Plena noite;Decrescente;Ceu Claro;Dupla;Reta;Rural;1;1
83105045;2013-11-28;Quinta;12:30:00;SP;116;209.0;GUARULHOS;Falta de atenção;Colisão traseira;Sem Vítimas;Pleno dia;Crescente;Ceu Claro;Dupla;Reta;Urbano;2;2
83105047;2013-11-28;Quinta;02:00:00;SP;116;107.0;TAUBATE;Outras;Colisão lateral;Sem Vítimas;Plena noite;Decrescente;Ceu Claro;Dupla;Reta;Urbano;2;2
83105050;2013-12-01;Domingo;19:15:00;SP;116;210.0;GUARULHOS;Ingestão de álcool;Colisão traseira;Sem Vítimas;Anoitecer;Crescente;Chuva;Dupla;Reta;Urbano;2;2
83105053;2013-11-25;Segunda;09:15:00;SP;116;204.0;ARUJA;Não guardar distância de segurança;Colisão lateral;Com Vítimas Feridas;Pleno dia;Crescente;Chuva;Múltipla;Reta;Urbano;4;2
83105101;2013-11-28;Quinta;07:50:00;SP;116;227.0;SAO PAULO;Falta de atenção;Colisão traseira;Com Vítimas Fatais;Pleno dia;Crescente;Ceu Claro;Múltipla;Reta;Urbano;5;4
83105109;2013-11-21;Quinta;10:30:00;SP;116;227.0;GUARULHOS;Falta de atenção;Colisão traseira;Sem Vítimas;Pleno dia;Crescente;Ceu Claro;Múltipla;Reta;Urbano;3;3
83105139;2013-11-26;Terça;05:40:00;SP;116;212.0;GUARULHOS;Falta de atenção;Colisão lateral;Sem Vítimas;Amanhecer;Crescente;Nublado;Múltipla;Reta;Rural;2;2
83105151;2013-11-29;Sexta;17:15:00;SP;116;212.5;GUARULHOS;Falta de atenção;Colisão lateral;Com Vítimas Feridas;Pleno dia;Crescente;Ceu Claro;Múltipla;Reta;Urbano;2;2
83105223;2013-11-13;Quarta;10:50:00;SP;116;226.1;GUARULHOS;Falta de atenção;Colisão traseira;Sem Vítimas;Pleno dia;Crescente;Sol;Múltipla;Reta;Urbano;2;2
83105236;2013-11-23;Sábado;04:30:00;SP;116;143.7;SAO JOSE DOS CAMPOS;Falta de atenção;Capotamento;Com Vítimas Feridas;Plena noite;Crescente;Ceu Claro;Dupla;Reta;Urbano;1;1