id;data_inversa;dia_semana;horario;uf;br;km;municipio;causa_acidente;tipo_acidente;classificacao_acidente;fase_dia;sentido_via;condicao_metereologica;tipo_pista;tracado_via;uso_solo;pessoas;veiculos
83120278;2013-12-26;Quinta;07:20:00;SP;116;212.0;GUARULHOS;Ultrapassagem indevida;Colisão com objeto fixo;Sem Vítimas;Pleno dia;Crescente;Ceu Claro;Múltipla;Reta;Urbano;1;1
83120367;2013-12-23;Segunda;22:40:00;SP;116;211.0;ARUJA;Outras;Colisão com objeto móvel;Sem Vítimas;Plena noite;Decrescente;Ceu Claro;Múltipla;Reta;Urbano;1;1
83120474;2013-12-21;Sábado;03:20:00;SP;116;225.0;GUARULHOS;Falta de atenção;Colisão traseira;Sem Vítimas;Plena noite;Crescente;Ceu Claro;Múltipla;Reta;Urbano;2;2
83120504;2013-12-26;Quinta;11:00:00;SP;116;159.0;JACAREI;Falta de atenção;Colisão traseira;Sem Vítimas;Pleno dia;Decrescente;Ceu Claro;Simples;Reta;Urbano;2;2
83120513;2013-12-26;Quinta;22:00:00;SP;116;144.3;SAO JOSE DOS CAMPOS;Outras;Colisão com objeto fixo;Sem Vítimas;Plena noite;Decrescente;Ceu Claro;Múltipla;Reta;Urbano;1;1
83120518;2013-12-19;Quinta;10:50:00;SP;116;160.3;JACAREI;Não guardar distância de segurança;Colisão traseira;Sem Vítimas;Pleno dia;Crescente;Ceu Claro;Dupla;Reta;Urbano;2;2
83120522;2013-12-26;Quinta;14:00:00;SP;116;166.0;JACAREI;Outras;Colisão lateral;Sem Vítimas;Pleno dia;Decrescente;Ceu Claro;Simples;Reta;Urbano;2;2
83120618;2013-12-23;Segunda;16:00:00;SP;116;218.0;GUARULHOS;Outras;Colisão traseira;Sem Vítimas;Pleno dia;Crescente;Sol;Múltipla;Reta;Urbano;2;2
83120669;2013-12-27;Sexta;07:30:00;SP;116;150.0;SAO JOSE DOS CAMPOS;Falta de atenção;Colisão traseira;Sem Vítimas;Plena noite;Decrescente;Ceu Claro;Simples;Reta;Urbano;5;5
83120894;2013-12-26;Quinta;16:00:00;SP;116;117.0;TAUBATE;Outras;Colisão traseira;Com Vítimas Feridas;Pleno dia;Decrescente;Sol;Dupla;Reta;Urbano;8;8
83120898;2013-12-26;Quinta;11:40:00;SP;116;116.0;TAUBATE;Outras;Colisão traseira;Com Vítimas Feridas;Pleno dia;Decrescente;Sol;Dupla;Reta;Urbano;6;5
83120929;2013-12-23;Segunda;17:00:00;SP;116;222.0;GUARULHOS;Falta de atenção;Colisão lateral;Sem Vítimas;Pleno dia;Decrescente;Ceu Claro;Múltipla;Reta;Urbano;2;2
83120971;2013-12-27;Sexta;16:00:00;SP;116;117.9;TAUBATE;Outras;Colisão com objeto fixo;Sem Vítimas;Pleno dia;Crescente;Sol;Dupla;Reta;Urbano;1;1
83121011;2013-12-27;Sexta;19:20:00;SP;116;154.0;SAO JOSE DOS CAMPOS;Falta de atenção;Colisão lateral;Sem Vítimas;Anoitecer;Crescente;Ceu Claro;Dupla;Reta;Urbano;2;2
83121074;2013-12-20;Sexta;03:50:00;SP;116;157.0;SAO JOSE DOS CAMPOS;Ingestão de álcool;Colisão lateral;Com Vítimas Feridas;Plena noite;Crescente;Ceu Claro;Múltipla;Reta;Urbano;2;2
83121136;2013-12-23;Segunda;13:00:00;SP;116;221.0;GUARULHOS;Outras;Colisão lateral;Com Vítimas Fatais;Pleno dia;Crescente;Ceu Claro;Múltipla;Reta;Urbano;5;4
83121149;2013-12-25;Quarta;16:40:00;SP;116;226.3;GUARULHOS;Outras;Colisão com objeto fixo;Sem Vítimas;Pleno dia;Decrescente;Chuva;Múltipla;Reta;Urbano;1;1
83121252;2013-12-28;Sábado;01:45:00;SP;116;172.0;SAO JOSE DOS CAMPOS;Falta de atenção;Capotamento;Sem Vítimas;Plena noite;Decrescente;Ceu Claro;Dupla;Reta;Urbano;1;1
83121253;2013-12-25;Quarta;03:30:00;SP;116;128.6;CACAPAVA;Falta de atenção;Colisão com objeto fixo;Sem Vítimas;Plena noite;Crescente;Ceu Claro;Dupla;Reta;Urbano;1;1
83121304;2013-12-25;Quarta;17:30:00;SP;116;177.0;GUARAREMA;Outras;Colisão com objeto fixo;Sem Vítimas;Pleno dia;Decrescente;Chuva;Dupla;Curva;Rural;1;1
83121310;2013-12-24;Terça;02:50:00;SP;116;214.0;GUARULHOS;Outras;Colisão traseira;Sem Vítimas;Plena noite;Crescente;Ceu Claro;Múltipla;Reta;Urbano;3;3
83121381;2013-12-28;Sábado;11:09:00;SP;116;119.7;CACAPAVA;Falta de atenção;Colisão lateral;Com Vítimas Feridas;Pleno dia;Decrescente;Ceu Claro;Dupla;Reta;Rural;2;2
83121388;2013-12-28;Sábado;13:20:00;SP;116;122.5;CACAPAVA;Outras;Colisão com objeto fixo;Sem Vítimas;Pleno dia;Crescente;Ceu Claro;Dupla;Reta;Rural;1;1
83121438;2013-12-28;Sábado;15:20:00;SP;116;213.0;GUARULHOS;Outras;Colisão traseira;Sem Vítimas;Pleno dia;Crescente;Sol;Múltipla;Reta;Urbano;2;2
83121498;2013-12-28;Sábado;14:43:00;SP;116;108.0;TAUBATE;Outras;Colisão traseira;Com Vítimas Feridas;Pleno dia;Crescente;Sol;Dupla;Reta;Urbano;4;2
83121527;2013-12-28;Sábado;19:10:00;SP;116;218.4;GUARULHOS;Falta de atenção;Queda de motocicleta / bicicleta / veículo;Com Vítimas Feridas;Pleno dia;Crescente;Chuva;Múltipla;Reta;Urbano;2;1
83121635;2013-12-24;Terça;16:20:00;SP;116;218.0;GUARULHOS;Velocidade incompatível;Tombamento;Sem Vítimas;Pleno dia;Crescente;Nublado;Simples;Curva;Urbano;1;1
83121681;2013-12-29;Domingo;04:00:00;SP;116;152.0;SAO JOSE DOS CAMPOS;Outras;Capotamento;Sem Vítimas;Plena noite;Crescente;Ceu Claro;Dupla;Reta;Rural;1;1
83121709;2013-12-28;Sábado;23:20:00;SP;116;220.0;GUARULHOS;Outras;Colisão com objeto fixo;Com Vítimas Feridas;Pleno dia;Crescente;Chuva;Múltipla;Reta;Urbano;3;1
83121730;2013-12-26;Quinta;00:00:00;SP;116;189.7;SANTA ISABEL;Outras;Colisão com objeto fixo;Com Vítimas Feridas;Plena noite;Decrescente;Nublado;Dupla;Reta;Rural;2;1
83121736;2013-12-29;Domingo;00:30:00;SP;116;194.5;SANTA ISABEL;Outras;Atropelamento de animal;Sem Vítimas;Plena noite;Decrescente;Nublado;Dupla;Reta;Rural;1;1
83121799;2013-12-21;Sábado;23:59:00;SP;116;194.2;SANTA ISABEL;Outras;Colisão com objeto fixo;Sem Vítimas;Plena noite;Crescente;Nublado;Múltipla;Reta;Urbano;1;1
83121819;2013-12-29;Domingo;07:30:00;SP;116;221.0;GUARULHOS;Outras;Colisão lateral;Com Vítimas Feridas;Pleno dia;Decrescente;Nublado;Múltipla;Reta;Urbano;2;2
83122031;2013-12-22;Domingo;08:30:00;SP;116;224.0;GUARULHOS;Falta de atenção;Colisão lateral;Sem Vítimas;Pleno dia;Crescente;Ceu Claro;Múltipla;Reta;Urbano;2;2
83122070;2013-12-27;Sexta;00:45:00;SP;116;210.0;GUARULHOS;Outras;Colisão traseira;Com Vítimas Feridas;Plena noite;Decrescente;Ceu Claro;Múltipla;Reta;Urbano;2;2
83122104;2013-12-23;Segunda;07:00:00;SP;116;205.0;ARUJA;Outras;Colisão com objeto móvel;Sem Vítimas;Pleno dia;Decrescente;Sol;Dupla;Reta;Rural;1;1
83122252;2013-12-10;Terça;20:00:00;SP;116;227.0;GUARULHOS;Falta de atenção;Colisão lateral;Com Vítimas Feridas;Anoitecer;Decrescente;Nublado;Simples;Reta;Urbano;2;2
83122314;2013-12-29;Domingo;18:15:00;SP;116;183.7;GUARAREMA;Defeito mecânico em veículo;Colisão com objeto fixo;Sem Vítimas;Pleno dia;Decrescente;Ceu Claro;Dupla;Reta;Rural;1;1
83122388;2013-12-26;Quinta;08:00:00;SP;116;114.8;TAUBATE;Falta de atenção;Colisão traseira;Sem Vítimas;Pleno dia;Decrescente;Ceu Claro;Dupla;Reta;Urbano;4;4
83122397;2013-12-20;Sexta;16:30:00;SP;116;165.3;JACAREI;Outras;Colisão traseira;Sem Vítimas;Pleno dia;Decrescente;Sol;Dupla;Reta;Rural;2;2
83122417;2013-12-23;Segunda;10:54:00;SP;116;165.0;JACAREI;Não guardar distância de segurança;Colisão traseira;Sem Vítimas;Pleno dia;Crescente;Nublado;Dupla;Reta;Rural;2;2
83122432;2013-12-26;Quinta;14:29:00;SP;116;116.1;TAUBATE;Falta de atenção;Colisão traseira;Sem Vítimas;Pleno dia;Decrescente;Ceu Claro;Dupla;Reta;Urbano;4;4
83122434;2013-12-26;Quinta;14:30:00;SP;116;116.1;TAUBATE;Falta de atenção;Colisão traseira;Sem Vítimas;Pleno dia;Decrescente;Ceu Claro;Dupla;Reta;Urbano;2;2
83122435;2013-12-26;Quinta;16:00:00;SP;116;108.0;TAUBATE;Falta de atenção;Colisão traseira;Sem Vítimas;Pleno dia;Crescente;Ceu Claro;Dupla;Reta;Urbano;2;2
83122436;2013-12-26;Quinta;17:00:00;SP;116;121.0;CACAPAVA;Falta de atenção;Colisão traseira;Sem Vítimas;Pleno dia;Decrescente;Ceu Claro;Dupla;Reta;Urbano;2;2
83122437;2013-12-26;Quinta;19:00:00;SP;116;113.0;TAUBATE;Falta de atenção;Colisão traseira;Sem Vítimas;Pleno dia;Crescente;Ceu Claro;Dupla;Reta;Urbano;2;2
83122438;2013-12-30;Segunda;11:10:00;SP;116;210.5;GUARULHOS;Ultrapassagem indevida;Colisão traseira;Sem Vítimas;Pleno dia;Decrescente;Ceu Claro;Múltipla;Reta;Urbano;3;3
83122468;2013-12-30;Segunda;13:00:00;SP;116;143.0;SAO JOSE DOS CAMPOS;Outras;Colisão traseira;Sem Vítimas;Pleno dia;Decrescente;Sol;Dupla;Reta;Urbano;3;3
83122498;2013-12-22;Domingo;09:30:00;SP;116;117.0;TAUBATE;Outras;Colisão traseira;Sem Vítimas;Amanhecer;Decrescente;Ceu Claro;Simples;Reta;Rural;3;3
83122502;2013-12-22;Domingo;09:40:00;SP;116;117.2;TAUBATE;Outras;Colisão traseira;Sem Vítimas;Amanhecer;Decrescente;Ceu Claro;Simples;Reta;Rural;4;4
83122505;2013-12-22;Domingo;13:00:00;SP;116;106.3;TAUBATE;Outras;Colisão traseira;Sem Vítimas;Pleno dia;Decrescente;Ceu Claro;Simples;Reta;Rural;2;2
83122528;2013-12-28;Sábado;15:40:00;SP;116;182.0;SANTA ISABEL;Ingestão de álcool;Colisão traseira;Sem Vítimas;Pleno dia;Decrescente;Nublado;Múltipla;Reta;Rural;2;2
83122540;2013-12-30;Segunda;15:00:00;SP;116;182.0;SANTA ISABEL;Outras;Colisão traseira;Sem Vítimas;Pleno dia;Decrescente;Ceu Claro;Dupla;Reta;Rural;2;2
83122635;2013-12-20;Sexta;07:00:00;SP;116;152.0;SAO JOSE DOS CAMPOS;Falta de atenção;Colisão traseira;Sem Vítimas;Pleno dia;Decrescente;Ceu Claro;Dupla;Reta;Rural;3;3
83122643;2013-12-27;Sexta;06:45:00;SP;116;146.0;SAO JOSE DOS CAMPOS;Outras;Colisão traseira;Sem Vítimas;Pleno dia;Decrescente;Nublado;Dupla;Reta;Urbano;3;3
83122715;2013-12-29;Domingo;23:20:00;SP;116;204.0;ARUJA;Falta de atenção;Colisão lateral;Sem Vítimas;Plena noite;Decrescente;Ceu Claro;Múltipla;Reta;Urbano;2;2
83122798;2013-12-28;Sábado;07:20:00;SP;116;117.1;TAUBATE;Não guardar distância de segurança;Colisão traseira;Sem Vítimas;Pleno dia;Decrescente;Sol;Dupla;Reta;Urbano;2;2
83122827;2013-12-28;Sábado;09:00:00;SP;116;161.0;SAO JOSE DOS CAMPOS;Falta de atenção;Colisão traseira;Sem Vítimas;Pleno dia;Decrescente;Sol;Dupla;Reta;Rural;4;4
83122841;2013-12-27;Sexta;16:50:00;SP;116;224.0;GUARULHOS;Falta de atenção;Colisão com objeto fixo;Sem Vítimas;Pleno dia;Crescente;Ceu Claro;Simples;Reta;Urbano;1;1
83122848;2013-12-21;Sábado;12:30:00;SP;116;111.0;TAUBATE;Outras;Colisão lateral;Sem Vítimas;Pleno dia;Decrescente;Sol;Dupla;Curva;Urbano;2;2
83122935;2013-12-21;Sábado;18:00:00;SP;116;102.3;PINDAMONHANGABA;Outras;Tombamento;Sem Vítimas;Pleno dia;Crescente;Chuva;Dupla;Reta;Urbano;1;1
83122983;2013-12-21;Sábado;22:00:00;SP;116;99.6;PINDAMONHANGABA;Falta de atenção;Colisão traseira;Sem Vítimas;Plena noite;Crescente;Nublado;Dupla;Reta;Urbano;2;2
83123075;2013-12-26;Quinta;14:10:00;SP;116;115.9;TAUBATE;Outras;Colisão traseira;Sem Vítimas;Pleno dia;Crescente;Ceu Claro;Dupla;Reta;Urbano;3;3
83123111;2013-12-31;Terça;16:30:00;SP;116;218.0;GUARULHOS;Outras;Colisão traseira;Sem Vítimas;Pleno dia;Crescente;Ceu Claro;Simples;Reta;Urbano;2;2
83123409;2013-12-28;Sábado;17:10:00;SP;116;214.0;GUARULHOS;Falta de atenção;Colisão lateral;Sem Vítimas;Pleno dia;Crescente;Nublado;Múltipla;Reta;Urbano;2;2
83123607;2013-12-19;Quinta;09:30:00;SP;116;228.0;SAO PAULO;Falta de atenção;Colisão traseira;Sem Vítimas;Pleno dia;Crescente;Ceu Claro;Múltipla;Reta;Urbano;2;2
83123713;2013-12-27;Sexta;18:00:00;SP;116;219.0;GUARULHOS;Falta de atenção;Colisão traseira;Sem Vítimas;Pleno dia;Decrescente;Nublado;Múltipla;Curva;Urbano;2;2
83123763;2013-12-30;Segunda;21:30:00;SP;116;182.0;SANTA ISABEL;Falta de atenção;Colisão traseira;Sem Vítimas;Plena noite;Decrescente;Ceu Claro;Múltipla;Reta;Urbano;2;2
83123793;2013-12-09;Segunda;15:00:00;SP;116;219.0;GUARULHOS;Ultrapassagem indevida;Colisão lateral;Sem Vítimas;Pleno dia;Decrescente;Ceu Claro;Múltipla;Reta;Urbano;2;2
83123917;2013-12-31;Terça;17:39:00;SP;116;116.0;TAUBATE;Outras;Colisão lateral;Com Vítimas Feridas;Pleno dia;Decrescente;Sol;Dupla;Reta;Urbano;2;2
83123964;2013-12-31;Terça;00:35:00;SP;116;201.7;ARUJA;Outras;Atropelamento de pessoa;Com Vítimas Feridas;Plena noite;Crescente;Ceu Claro;Dupla;Reta;Urbano;3;1
83124337;2013-12-22;Domingo;09:15:00;SP;116;106.0;TAUBATE;Outras;Colisão traseira;Sem Vítimas;Amanhecer;Decrescente;Ceu Claro;Simples;Reta;Rural;6;6
83124356;2013-12-28;Sábado;09:00:00;SP;116;118.0;TAUBATE;Falta de atenção;Colisão lateral;Sem Vítimas;Pleno dia;Crescente;Ceu Claro;Dupla;Reta;Rural;2;2
83124455;2013-12-31;Terça;00:45:00;SP;116;226.0;GUARULHOS;Outras;Incêndio;Sem Vítimas;Plena noite;Crescente;Ceu Claro;Múltipla;Reta;Urbano;1;1
83124654;2013-12-31;Terça;16:00:00;SP;116;105.0;TAUBATE;Outras;Capotamento;Com Vítimas Feridas;Pleno dia;Crescente;Nublado;Dupla;Reta;Urbano;2;1
83124669;2013-12-31;Terça;18:30:00;SP;116;221.0;GUARULHOS;Falta de atenção;Colisão com objeto fixo;Sem Vítimas;Anoitecer;Crescente;Ceu Claro;Múltipla;Reta;Urbano;1;1
83124725;2013-12-30;Segunda;08:00:00;SP;116;207.0;GUARULHOS;Outras;Saída de Pista;Sem Vítimas;Pleno dia;Decrescente;Ceu Claro;Dupla;Reta;Urbano;1;1
83124734;2013-12-30;Segunda;23:00:00;SP;116;105.0;TAUBATE;Outras;Atropelamento de pessoa;Sem Vítimas;Plena noite;Decrescente;Ceu Claro;Dupla;Reta;Urbano;2;1
83125580;2013-12-29;Domingo;07:30:00;SP;116;144.0;SAO JOSE DOS CAMPOS;Não guardar distância de segurança;Colisão traseira;Sem Vítimas;Amanhecer;Decrescente;Ceu Claro;Dupla;Reta;Rural;3;3
83125623;2013-12-21;Sábado;00:19:00;SP;116;190.7;SANTA ISABEL;Outras;Queda de motocicleta / bicicleta / veículo;Com Vítimas Feridas;Plena noite;Decrescente;Ceu Claro;Dupla;Reta;Rural;2;1
83125641;2013-12-28;Sábado;05:35:00;SP;116;168.0;JACAREI;Falta de atenção;Colisão traseira;Sem Vítimas;Amanhecer;Decrescente;Ceu Claro;Dupla;Reta;Urbano;3;3
83125731;2013-12-19;Quinta;22:00:00;SP;116;213.0;GUARULHOS;Falta de atenção;Colisão traseira;Sem Vítimas;Plena noite;Crescente;Ceu Claro;Múltipla;Reta;Urbano;2;2
83125747;2013-12-29;Domingo;07:40:00;SP;116;143.9;SAO JOSE DOS CAMPOS;Não guardar distância de segurança;Colisão traseira;Sem Vítimas;Amanhecer;Decrescente;Ceu Claro;Dupla;Reta;Rural;2;2
83125916;2013-12-27;Sexta;08:40:00;SP;116;148.0;SAO JOSE DOS CAMPOS;Falta de atenção;Colisão traseira;Sem Vítimas;Pleno dia;Decrescente;Ceu Claro;Dupla;Reta;Urbano;4;4
83126327;2013-12-27;Sexta;21:00:00;SP;116;224.0;GUARULHOS;Falta de atenção;Saída de Pista;Sem Vítimas;Plena noite;Decrescente;Ceu Claro;Múltipla;Reta;Urbano;1;1
83126423;2013-01-03;Quinta;10:20:00;SP;116;199.5;ARUJA;Falta de atenção;Colisão traseira;Sem Vítimas;Pleno dia;Crescente;Ceu Claro;Dupla;Reta;Urbano;2;2
83126494;2013-12-28;Sábado;04:30:00;SP;116;228.0;SAO PAULO;Falta de atenção;Colisão traseira;Com Vítimas Feridas;Amanhecer;Crescente;Ceu Claro;Múltipla;Reta;Urbano;3;2
83126505;2013-12-31;Terça;00:10:00;SP;116;219.0;GUARULHOS;Ingestão de álcool;Saída de Pista;Com Vítimas Feridas;Pleno dia;Crescente;Sol;Múltipla;Curva;Urbano;1;1
83126538;2013-11-01;Sexta;13:12:00;SP;116;150.0;SAO JOSE DOS CAMPOS;Falta de atenção;Colisão lateral;Com Vítimas Feridas;Pleno dia;Decrescente;Ceu Claro;Simples;Reta;Urbano;2;2
83126884;2013-09-06;Sexta;15:15:00;SP;116;117.0;TAUBATE;Outras;Colisão traseira;Com Vítimas Feridas;Pleno dia;Decrescente;Ceu Claro;Dupla;Reta;Urbano;6;4
83126928;2013-12-07;Sábado;23:20:00;SP;116;207.0;GUARULHOS;Falta de atenção;Colisão traseira;Sem Vítimas;Plena noite;Crescente;Ceu Claro;Simples;Reta;Urbano;2;2
83127774;2013-01-06;Domingo;09:30:00;SP;116;229.0;SAO PAULO;Não guardar distância de segurança;Colisão traseira;Sem Vítimas;Pleno dia;Crescente;Sol;Múltipla;Reta;Urbano;2;2
83127804;2013-10-18;Sexta;12:30:00;SP;116;213.0;GUARULHOS;Outras;Colisão com objeto fixo;Sem Vítimas;Pleno dia;Decrescente;Chuva;Múltipla;Reta;Urbano;2;2
83127831;2013-12-02;Segunda;06:30:00;SP;116;223.0;GUARULHOS;Falta de atenção;Colisão traseira;Sem Vítimas;Pleno dia;Crescente;Ceu Claro;Múltipla;Reta;Urbano;2;2
83127846;2013-12-05;Quinta;11:30:00;SP;116;229.0;GUARULHOS;Desobediência à sinalização;Colisão lateral;Com Vítimas Feridas;Pleno dia;Crescente;Ceu Claro;Múltipla;Reta;Urbano;2;2
83128018;2013-12-05;Quinta;13:00:00;SP;116;220.0;GUARULHOS;Falta de atenção;Colisão traseira;Sem Vítimas;Pleno dia;Decrescente;Sol;Múltipla;Reta;Urbano;2;2
83128041;2013-12-09;Segunda;08:30:00;SP;116;229.0;GUARULHOS;Falta de atenção;Colisão traseira;Sem Vítimas;Pleno dia;Crescente;Sol;Múltipla;Reta;Urbano;2;2
83128096;2013-10-30;Quarta;18:00:00;SP;116;228.0;SAO PAULO;Falta de atenção;Colisão lateral;Com Vítimas Feridas;Anoitecer;Decrescente;Ceu Claro;Múltipla;Reta;Urbano;2;2
83128595;2013-12-02;Segunda;16:40:00;SP;116;227.0;GUARULHOS;Não guardar distância de segurança;Colisão traseira;Sem Vítimas;Pleno dia;Decrescente;Sol;Múltipla;Reta;Urbano;3;3
83128607;2013-12-06;Sexta;15:30:00;SP;116;219.0;GUARULHOS;Falta de atenção;Colisão lateral;Com Vítimas Feridas;Pleno dia;Crescente;Sol;Múltipla;Reta;Urbano;2;2
83128613;2013-12-06;Sexta;16:20:00;SP;116;225.0;GUARULHOS;Falta de atenção;Colisão lateral;Sem Vítimas;Pleno dia;Crescente;Sol;Múltipla;Reta;Urbano;2;2
83128962;2013-12-11;Quarta;01:33:00;SP;116;229.0;SAO PAULO;Outras;Colisão com objeto fixo;Com Vítimas Fatais;Plena noite;Decrescente;Chuva;Múltipla;Reta;Urbano;4;3
83129015;2013-12-13;Sexta;08:00:00;SP;116;209.0;GUARULHOS;Falta de atenção;Colisão traseira;Sem Vítimas;Pleno dia;Crescente;Ceu Claro;Dupla;Reta;Urbano;2;2
83129027;2013-12-13;Sexta;19:20:00;SP;116;229.0;SAO PAULO;Não guardar distância de segurança;Colisão traseira;Sem Vítimas;Anoitecer;Decrescente;Ceu Claro;Múltipla;Reta;Urbano;2;2
83131790;2013-06-25;Terça;10:15:00;SP;116;218.0;GUARULHOS;Falta de atenção;Colisão lateral;Sem Vítimas;Pleno dia;Crescente;Chuva;Múltipla;Reta;Urbano;2;2
83132194;2013-11-21;Quinta;17:40:00;SP;116;187.0;SANTA ISABEL;Defeito na via;Capotamento;Sem Vítimas;Plena noite;Decrescente;Chuva;Simples;Reta;Rural;1;1
83133206;2013-11-21;Quinta;17:40:00;SP;116;187.0;SANTA ISABEL;Outras;Capotamento;Sem Vítimas;Pleno dia;Decrescente;Chuva;Simples;Curva;Rural;1;1
83134330;2013-06-11;Terça;11:00:00;SP;116;228.9;GUARULHOS;Não guardar distância de segurança;Colisão traseira;Com Vítimas Feridas;Pleno dia;Crescente;Ceu Claro;Múltipla;Reta;Urbano;3;2
83136628;2013-09-13;Sexta;08:00:00;SP;116;145.0;SAO JOSE DOS CAMPOS;Falta de atenção;Colisão traseira;Com Vítimas Feridas;Pleno dia;Decrescente;Ceu Claro;Dupla;Reta;Rural;6;6
83136662;2013-08-02;Sexta;01:45:00;SP;116;193.3;SANTA ISABEL;Dormindo;Colisão traseira;Sem Vítimas;Plena noite;Decrescente;Ceu Claro;Dupla;Reta;Rural;3;2
83137755;2013-05-11;Sábado;20:00:00;SP;116;229.0;SAO PAULO;Ingestão de álcool;Saída de Pista;Com Vítimas Feridas;Plena noite;Decrescente;Ceu Claro;Múltipla;Reta;Urbano;2;1
83137859;2013-03-28;Quinta;19:30:00;SP;116;164.8;JACAREI;Falta de atenção;Colisão traseira;Com Vítimas Feridas;Plena noite;Decrescente;Ceu Claro;Dupla;Reta;Urbano;11;8
83138060;2013-09-17;Terça;01:15:00;SP;116;199.0;ARUJA;Velocidade incompatível;Colisão traseira;Com Vítimas Feridas;Plena noite;Crescente;Ceu Claro;Dupla;Reta;Urbano;2;2
83140173;2013-08-31;Sábado;13:40:00;SP;116;120.0;CACAPAVA;Outras;Capotamento;Com Vítimas Feridas;Pleno dia;Crescente;Sol;Dupla;Reta;Rural;4;2
83141174;2013-12-08;Domingo;20:20:00;SP;116;134.8;SAO JOSE DOS CAMPOS;Não guardar distância de segurança;Colisão traseira;Sem Vítimas;Plena noite;Crescente;Nublado;Dupla;Reta;Rural;3;3
83141270;2013-11-06;Quarta;20:00:00;SP;116;222.0;GUARULHOS;Não guardar distância de segurança;Colisão traseira;Sem Vítimas;Plena noite;Decrescente;Chuva;Múltipla;Reta;Urbano;3;3
83143355;2013-12-05;Quinta;02:00:00;SP;116;101.0;PINDAMONHANGABA;Falta de atenção;Colisão traseira;Sem Vítimas;Plena noite;Crescente;Ceu Claro;Múltipla;Reta;Rural;2;2
83158973;2013-05-08;Quarta;08:10:00;SP;116;224.0;GUARULHOS;Falta de atenção;Colisão traseira;Com Vítimas Feridas;Pleno dia;Crescente;Nublado;Simples;Reta;Urbano;3;2
83159417;2013-11-06;Quarta;09:50:00;SP;116;227.0;SAO PAULO;Não guardar distância de segurança;Colisão lateral;Com Vítimas Feridas;Pleno dia;Crescente;Chuva;Múltipla;Reta;Urbano;2;2
83160057;2013-07-30;Terça;11:10:00;SP;116;218.0;GUARULHOS;Desobediência à sinalização;Colisão traseira;Com Vítimas Feridas;Pleno dia;Decrescente;Ceu Claro;Múltipla;Reta;Urbano;2;2
83164117;2013-12-18;Quarta;18:30:00;SP;116;223.0;GUARULHOS;Falta de atenção;Colisão traseira;Com Vítimas Feridas;Anoitecer;Decrescente;Nublado;Simples;Reta;Urbano;2;2
83173666;2013-11-22;Sexta;18:30:00;SP;116;222.0;GUARULHOS;Falta de atenção;Colisão lateral;Com Vítimas Feridas;Anoitecer;Decrescente;Chuva;Múltipla;Cruzamento;Urbano;2;2
83196671;2013-12-08;Domingo;20:20:00;SP;116;134.8;SAO JOSE DOS CAMPOS;Não guardar distância de segurança;Colisão traseira;Sem Vítimas;Plena noite;Crescente;Nublado;Dupla;Reta;Rural;3;3
83199290;2013-05-15;Quarta;08:15:00;SP;116;214.3;GUARULHOS;Não guardar distância de segurança;Colisão lateral;Sem Vítimas;Pleno dia;Decrescente;Ceu Claro;Múltipla;Reta;Urbano;2;2
83200273;2013-10-10;Quinta;20:40:00;SP;116;154.0;SAO JOSE DOS CAMPOS;Outras;Colisão traseira;Com Vítimas Fatais;Plena noite;Decrescente;Ceu Claro;Dupla;Reta;Urbano;3;3
83203137;2013-05-29;Quarta;07:40:00;SP;116;215.0;GUARULHOS;Falta de atenção;Colisão lateral;Com Vítimas Feridas;Pleno dia;Crescente;Nublado;Múltipla;Reta;Urbano;3;3
83203250;2013-12-14;Sábado;11:15:00;SP;116;108.9;TAUBATE;Outras;Colisão traseira;Sem Vítimas;Pleno dia;Decrescente;Ceu Claro;Dupla;Reta;Urbano;5;5
83206536;2013-06-12;Quarta;18:30:00;SP;116;219.0;GUARULHOS;Falta de atenção;Colisão lateral;Com Vítimas Feridas;Pleno dia;Crescente;Ceu Claro;Múltipla;Reta;Urbano;2;2
83221160;2013-12-18;Quarta;12:15:00;SP;116;213.0;GUARULHOS;Outras;Colisão traseira;Sem Vítimas;Pleno dia;Crescente;Nublado;Simples;Reta;Urbano;2;2
83234130;2013-08-14;Quarta;05:50:00;SP;116;171.6;JACAREI;Não guardar distância de segurança;Colisão traseira;Sem Vítimas;Amanhecer;Decrescente;Ceu Claro;Dupla;Reta;Rural;2;2
83282592;2013-03-08;Sexta;03:35:00;SP;116;122.0;CACAPAVA;Dormindo;Colisão traseira;Sem Vítimas;Plena noite;Crescente;Ceu Claro;Dupla;Reta;Rural;2;2
83329008;2013-03-13;Quarta;05:00:00;SP;116;165.0;JACAREI;Falta de atenção;Colisão lateral;Sem Vítimas;Plena noite;Decrescente;Ceu Claro;Dupla;Reta;Urbano;2;2
83379526;2013-11-12;Terça;06:00:00;SP;116;206.0;GUARULHOS;Outras;Colisão lateral;Sem Vítimas;Pleno dia;Crescente;Ceu Claro;Dupla;Reta;Urbano;2;2